region,gender,feature,p20,p80,mu,sigma,n,gate_version,feature_contract_version
Black,female,beauty_score_raw,30.742983627319337,55.75457534790039,43.44185655214544,14.316787351975329,2494,n2367_pose1668,v1
Black,female,brow_height_ratio,0.13935124115981448,0.17052347241449242,0.15481150230461846,0.01812090339408238,2494,n2367_pose1668,v1
Black,female,brow_tilt_deg,-1.271551158819551,1.1915335234249695,-0.039913577768022096,1.6192141072631883,2494,n2367_pose1668,v1
Black,female,cheekbone_width_ratio,0.9799092678661726,0.9940684564205509,0.9871097810021353,0.008413080333818084,2494,n2367_pose1668,v1
Black,female,chin_width_ratio,0.3101018672546537,0.34456975944158474,0.32808648400578594,0.021539392612937882,2494,n2367_pose1668,v1
Black,female,eye_openness_ratio,0.24410693488128057,0.3781370321880602,0.311030273379394,0.08321057228646814,2494,n2367_pose1668,v1
Black,female,eye_size_ratio,0.18473007897145402,0.2170359578070369,0.20035544011791995,0.020060268471994984,2494,n2367_pose1668,v1
Black,female,eye_spacing_ratio,1.1625987011087962,1.4017834627655765,1.2857449379091195,0.14866621326228127,2494,n2367_pose1668,v1
Black,female,eye_tilt_deg,-0.6860867153432931,0.7265833183011801,0.019107510401280864,1.0076466906321702,2494,n2367_pose1668,v1
Black,female,face_aspect_ratio,0.8149995507094294,0.903244683641818,0.8606030853413617,0.05351478041722175,2494,n2367_pose1668,v1
Black,female,jaw_angle_sharpness,103.69494082886138,112.83265034204075,108.12146425191258,5.468699929404585,2494,n2367_pose1668,v1
Black,female,jaw_width_ratio,0.7745766442443601,0.8158657582399006,0.7956229004539157,0.02497209736611496,2494,n2367_pose1668,v1
Black,female,lip_thickness_ratio,0.007350630762957939,0.08710470545374824,0.05201091481223782,0.041056209370368586,2494,n2367_pose1668,v1
Black,female,lower_cheek_ratio,0.870670103944443,0.9049739587939797,0.8877608573665317,0.020835868878540383,2494,n2367_pose1668,v1
Black,female,lowerface_length_ratio,0.45286517586132724,0.5371284722925155,0.49494988707465537,0.048407905360130725,2494,n2367_pose1668,v1
Black,female,midface_length_ratio,0.15200554532204746,0.22544647035549673,0.18892803189943974,0.04236318055646927,2494,n2367_pose1668,v1
Black,female,mouth_corner_tilt_deg,-1.2153190951784203,1.1167637294487207,-0.04313144435129485,1.5542250620693632,2494,n2367_pose1668,v1
Black,female,mouth_width_ratio,0.36617537795253274,0.47372080241903375,0.4188490092459689,0.056476755218299944,2494,n2367_pose1668,v1
Black,female,nose_length_ratio,0.14824709474159437,0.18519332214813403,0.16655177313325187,0.021171378400781638,2494,n2367_pose1668,v1
Black,female,nose_tip_deviation_ratio,0.0508858907814157,0.28097010356163005,0.16704949456960128,0.11808053298842656,2494,n2367_pose1668,v1
Black,female,nose_width_ratio,0.22057384604187624,0.24668783458453086,0.23404897833346247,0.015665970332182522,2494,n2367_pose1668,v1
Black,female,philtrum_ratio,0.06611445247203131,0.0943437902566517,0.08058514072703545,0.01651365948186078,2494,n2367_pose1668,v1
Black,female,symmetry_error,0.027229282756646475,0.1468481888373693,0.08805406624558328,0.06087850385133015,2494,n2367_pose1668,v1
Black,female,upper_lip_ratio,0.03254527035225246,0.04838426157780798,0.04078027301235367,0.009609002363002939,2494,n2367_pose1668,v1
Black,male,beauty_score_raw,27.848355102539063,53.50696640014649,41.02968698286729,14.69670078208631,2459,n2367_pose1668,v1
Black,male,brow_height_ratio,0.1319406041957888,0.16535542108232965,0.14875025912783033,0.01919627296277137,2459,n2367_pose1668,v1
Black,male,brow_tilt_deg,-1.157030890648323,1.3754938888510198,0.1240316835947308,1.6496975187308351,2459,n2367_pose1668,v1
Black,male,cheekbone_width_ratio,0.9803236154369588,0.9954914709212347,0.9879910528226523,0.009063360438639312,2459,n2367_pose1668,v1
Black,male,chin_width_ratio,0.3187219151991687,0.35710018724502723,0.33844459488877937,0.023826375604691218,2459,n2367_pose1668,v1
Black,male,eye_openness_ratio,0.2407247398523135,0.3764711532853284,0.3066934774594619,0.08570367241268752,2459,n2367_pose1668,v1
Black,male,eye_size_ratio,0.18438549211055535,0.21573915454055884,0.2000462162450051,0.019575494923364484,2459,n2367_pose1668,v1
Black,male,eye_spacing_ratio,1.166073558952399,1.4054820982004685,1.2894978352605686,0.1484883057069992,2459,n2367_pose1668,v1
Black,male,eye_tilt_deg,-0.7133920651720665,0.8517039801723477,0.06750176291494114,1.0763734881132248,2459,n2367_pose1668,v1
Black,male,face_aspect_ratio,0.8200921465045793,0.9119995077934693,0.8674217306438261,0.05646544649133076,2459,n2367_pose1668,v1
Black,male,jaw_angle_sharpness,103.61867375356502,113.16305450902736,108.27970650205779,5.7742300578934955,2459,n2367_pose1668,v1
Black,male,jaw_width_ratio,0.7771074192594879,0.8272277506621977,0.8026644474469161,0.029007093742518406,2459,n2367_pose1668,v1
Black,male,lip_thickness_ratio,0.005711071623713403,0.08427159255489587,0.04853872993344712,0.0426045172687775,2459,n2367_pose1668,v1
Black,male,lower_cheek_ratio,0.8717096703521469,0.9126743943062327,0.8925092676460634,0.024137079106675594,2459,n2367_pose1668,v1
Black,male,lowerface_length_ratio,0.4547107307166429,0.543380117591383,0.4994794222683239,0.05029858418599858,2459,n2367_pose1668,v1
Black,male,midface_length_ratio,0.15079492929707403,0.22673551512296936,0.1895313508011672,0.04346838632921711,2459,n2367_pose1668,v1
Black,male,mouth_corner_tilt_deg,-1.2702646126796087,1.1577437955226615,-0.061347822006237285,1.5355726471511653,2459,n2367_pose1668,v1
Black,male,mouth_width_ratio,0.3587991204126742,0.44852227944135636,0.4035287432798735,0.05156813746268388,2459,n2367_pose1668,v1
Black,male,nose_length_ratio,0.14906759778384743,0.18668259905363516,0.16770806776598426,0.021522667318300374,2459,n2367_pose1668,v1
Black,male,nose_tip_deviation_ratio,0.04393400734204373,0.2778377854348676,0.16084945782167065,0.12088898152144466,2459,n2367_pose1668,v1
Black,male,nose_width_ratio,0.22271841006172827,0.2515026788358536,0.23728084636945068,0.017113225244538365,2459,n2367_pose1668,v1
Black,male,philtrum_ratio,0.072255114240772,0.10009897396313396,0.08638873650789099,0.01642046978255069,2459,n2367_pose1668,v1
Black,male,symmetry_error,0.02409445196390152,0.14900407493114473,0.08697911102354519,0.06391763030026096,2459,n2367_pose1668,v1
Black,male,upper_lip_ratio,0.03334902424048249,0.04968494176930844,0.04178558046064189,0.009635944938025703,2459,n2367_pose1668,v1
Black,pooled,beauty_score_raw,29.2956693649292,54.63077087402344,42.235771767506364,14.558033778215599,4953,n2367_pose1668,v1
Black,pooled,brow_height_ratio,0.13564592267780162,0.16793944674841105,0.1517808807162244,0.01891075580064123,4953,n2367_pose1668,v1
Black,pooled,brow_tilt_deg,-1.214291024733937,1.2835137061379946,0.04205905291335435,1.6365810784725041,4953,n2367_pose1668,v1
Black,pooled,cheekbone_width_ratio,0.9801164416515658,0.9947799636708927,0.9875504169123939,0.00875536244693943,4953,n2367_pose1668,v1
Black,pooled,chin_width_ratio,0.3144118912269112,0.350834973343306,0.33326553944728265,0.023294707973296105,4953,n2367_pose1668,v1
Black,pooled,eye_openness_ratio,0.24241583736679703,0.3773040927366943,0.30886187541942794,0.08449414981135789,4953,n2367_pose1668,v1
Black,pooled,eye_size_ratio,0.1845577855410047,0.21638755617379787,0.2002008281814625,0.01981996698237634,4953,n2367_pose1668,v1
Black,pooled,eye_spacing_ratio,1.1643361300305974,1.4036327804830226,1.287621386584844,0.14858913489341483,4953,n2367_pose1668,v1
Black,pooled,eye_tilt_deg,-0.6997393902576798,0.7891436492367638,0.043304636658111004,1.0428573106837704,4953,n2367_pose1668,v1
Black,pooled,face_aspect_ratio,0.8175458486070044,0.9076220957176436,0.8640124079925939,0.05511544852602168,4953,n2367_pose1668,v1
Black,pooled,jaw_angle_sharpness,103.6568072912132,112.99785242553406,108.20058537698519,5.624096904580141,4953,n2367_pose1668,v1
Black,pooled,jaw_width_ratio,0.775842031751924,0.8215467544510491,0.7991436739504159,0.027292937055924938,4953,n2367_pose1668,v1
Black,pooled,lip_thickness_ratio,0.006530851193335671,0.08568814900432206,0.05027482237284247,0.04187353133833682,4953,n2367_pose1668,v1
Black,pooled,lower_cheek_ratio,0.8711898871482949,0.9088241765501062,0.8901350625062976,0.02267163116999579,4953,n2367_pose1668,v1
Black,pooled,lowerface_length_ratio,0.4537879532889851,0.5402542949419493,0.4972146546714896,0.04941422475870052,4953,n2367_pose1668,v1
Black,pooled,midface_length_ratio,0.15140023730956076,0.22609099273923305,0.18922969135030349,0.04292040117342023,4953,n2367_pose1668,v1
Black,pooled,mouth_corner_tilt_deg,-1.2427918539290146,1.137253762485691,-0.052239633178766065,1.5449538531054556,4953,n2367_pose1668,v1
Black,pooled,mouth_width_ratio,0.36248724918260344,0.4611215409301951,0.4111888762629212,0.054618000494314985,4953,n2367_pose1668,v1
Black,pooled,nose_length_ratio,0.1486573462627209,0.18593796060088458,0.16712992044961805,0.02135557281510105,4953,n2367_pose1668,v1
Black,pooled,nose_tip_deviation_ratio,0.04740994906172971,0.2794039444982488,0.16394947619563596,0.11953321369385357,4953,n2367_pose1668,v1
Black,pooled,nose_width_ratio,0.22164612805180225,0.24909525671019223,0.2356649123514566,0.01648495663051825,4953,n2367_pose1668,v1
Black,pooled,philtrum_ratio,0.06918478335640166,0.09722138210989283,0.08348693861746322,0.016720849849159752,4953,n2367_pose1668,v1
Black,pooled,symmetry_error,0.025661867360273996,0.14792613188425702,0.08751658863456424,0.06241888119288085,4953,n2367_pose1668,v1
Black,pooled,upper_lip_ratio,0.032947147296367475,0.049034601673558206,0.04128292673649778,0.009635602804019363,4953,n2367_pose1668,v1
East Asian,female,beauty_score_raw,30.628670501708985,56.17594375610353,43.650599578955976,14.447178175768716,2632,n2367_pose1668,v1
East Asian,female,brow_height_ratio,0.1389899307644738,0.16560602703598995,0.15239929977282463,0.015499056385315645,2632,n2367_pose1668,v1
East Asian,female,brow_tilt_deg,-1.19513636735611,1.282616793425817,0.05166202733191619,1.6704909998139235,2632,n2367_pose1668,v1
East Asian,female,cheekbone_width_ratio,0.9823052870671078,0.9964625560313803,0.9892567891465207,0.008601530295181828,2632,n2367_pose1668,v1
East Asian,female,chin_width_ratio,0.30202196994706315,0.3348524563677387,0.3192164991927397,0.020778594382872047,2632,n2367_pose1668,v1
East Asian,female,eye_openness_ratio,0.23644395472340632,0.37470903785469933,0.3038545159300425,0.08619123898711498,2632,n2367_pose1668,v1
East Asian,female,eye_size_ratio,0.1731417345636248,0.2044482453284904,0.18884400001996343,0.018511178661639052,2632,n2367_pose1668,v1
East Asian,female,eye_spacing_ratio,1.2361368890073512,1.4824542134697507,1.3611775035596512,0.147918703048551,2632,n2367_pose1668,v1
East Asian,female,eye_tilt_deg,-0.6144855286967824,0.7873412802575765,0.07312202924629464,0.9544476350331076,2632,n2367_pose1668,v1
East Asian,female,face_aspect_ratio,0.8185444527724173,0.9146261959880785,0.8678059458418502,0.05957418154629765,2632,n2367_pose1668,v1
East Asian,female,jaw_angle_sharpness,103.94931282344723,112.82993204649694,108.35698077530996,5.5741666749766114,2632,n2367_pose1668,v1
East Asian,female,jaw_width_ratio,0.7778229427340158,0.8190162475069908,0.7985012850802622,0.02509374081164428,2632,n2367_pose1668,v1
East Asian,female,lip_thickness_ratio,0.0031512255890066326,0.08016821986176825,0.044349046229945545,0.0387267896936404,2632,n2367_pose1668,v1
East Asian,female,lower_cheek_ratio,0.8737571748856895,0.9081079683437945,0.8908788931811321,0.021001948280563797,2632,n2367_pose1668,v1
East Asian,female,lowerface_length_ratio,0.4392618690691577,0.5113140535704588,0.47677690685620755,0.04356748998881386,2632,n2367_pose1668,v1
East Asian,female,midface_length_ratio,0.1807298731702353,0.24131224438136525,0.21039172413930135,0.03748666368487711,2632,n2367_pose1668,v1
East Asian,female,mouth_corner_tilt_deg,-1.2730561774860094,1.2035399615931475,-0.029278942344369358,1.642750494039108,2632,n2367_pose1668,v1
East Asian,female,mouth_width_ratio,0.33197503775598264,0.42742931866693074,0.3799060073193006,0.05095482565599109,2632,n2367_pose1668,v1
East Asian,female,nose_length_ratio,0.15654827392062862,0.18965322208505744,0.17301989614405314,0.01948085293928082,2632,n2367_pose1668,v1
East Asian,female,nose_tip_deviation_ratio,0.03971917851670586,0.26452634401497604,0.15330686611426295,0.11674420446057684,2632,n2367_pose1668,v1
East Asian,female,nose_width_ratio,0.20325147722915454,0.22657461368012152,0.2150560380305004,0.013875353143475969,2632,n2367_pose1668,v1
East Asian,female,philtrum_ratio,0.06747110557131773,0.09114124409948274,0.07938463509443343,0.013964720886066637,2632,n2367_pose1668,v1
East Asian,female,symmetry_error,0.02230809032917023,0.1446969419717789,0.08422528081993443,0.062171083161206876,2632,n2367_pose1668,v1
East Asian,female,upper_lip_ratio,0.030191068050178953,0.04390684695340301,0.037218749842721784,0.007985055744519411,2632,n2367_pose1668,v1
East Asian,male,beauty_score_raw,29.449949264526367,52.937992095947266,41.30823945407047,13.507865029650883,2416,n2367_pose1668,v1
East Asian,male,brow_height_ratio,0.13915523597423285,0.1685741330651235,0.1540365524175758,0.017068577301030854,2416,n2367_pose1668,v1
East Asian,male,brow_tilt_deg,-1.2537158168478606,1.3114445273420003,0.03303784990892428,1.6498935629477918,2416,n2367_pose1668,v1
East Asian,male,cheekbone_width_ratio,0.9798373672766006,0.9956450578281978,0.987526641219217,0.009876916142220105,2416,n2367_pose1668,v1
East Asian,male,chin_width_ratio,0.3054948094780501,0.34151364524345645,0.32360075117401965,0.02216733493639497,2416,n2367_pose1668,v1
East Asian,male,eye_openness_ratio,0.2069244184056982,0.35864535681096726,0.2825416640951391,0.0893401851495913,2416,n2367_pose1668,v1
East Asian,male,eye_size_ratio,0.1700217932642833,0.19772215403789195,0.18396387355618649,0.017240755492781114,2416,n2367_pose1668,v1
East Asian,male,eye_spacing_ratio,1.2528942287670288,1.4856550755721345,1.37064761371194,0.14297324908370462,2416,n2367_pose1668,v1
East Asian,male,eye_tilt_deg,-0.6744214533767251,0.7487447337172923,0.032508812889122427,0.98949224970153,2416,n2367_pose1668,v1
East Asian,male,face_aspect_ratio,0.825702870282111,0.9253720027690527,0.8769107205942771,0.06033162274783718,2416,n2367_pose1668,v1
East Asian,male,jaw_angle_sharpness,102.11678410333222,111.6199490907422,106.74093551431515,5.952113111735459,2416,n2367_pose1668,v1
East Asian,male,jaw_width_ratio,0.775152075452546,0.8218522578296815,0.7983079607155682,0.02862579597434713,2416,n2367_pose1668,v1
East Asian,male,lip_thickness_ratio,0.002508056905246518,0.06962180713176767,0.03707812131216664,0.036118132912473795,2416,n2367_pose1668,v1
East Asian,male,lower_cheek_ratio,0.8703683657390915,0.9103621216173683,0.8903989966878401,0.024556836629904946,2416,n2367_pose1668,v1
East Asian,male,lowerface_length_ratio,0.44988401160408703,0.5258603341858193,0.4882409455474934,0.04565714893841373,2416,n2367_pose1668,v1
East Asian,male,midface_length_ratio,0.16675592852522056,0.22911070579895942,0.1972731525549174,0.038212591256676934,2416,n2367_pose1668,v1
East Asian,male,mouth_corner_tilt_deg,-1.2858036539746212,1.2113313618962753,-0.03324191481765708,1.6670815901636131,2416,n2367_pose1668,v1
East Asian,male,mouth_width_ratio,0.3207168564727061,0.40444353313213866,0.36247733111615454,0.04769962462983431,2416,n2367_pose1668,v1
East Asian,male,nose_length_ratio,0.15466671932519271,0.18695191430359098,0.17049162322697642,0.019442332389891712,2416,n2367_pose1668,v1
East Asian,male,nose_tip_deviation_ratio,0.03830034404466878,0.26180865250761165,0.14747278608450512,0.11597196884479664,2416,n2367_pose1668,v1
East Asian,male,nose_width_ratio,0.20396169158729116,0.22756015359215234,0.2157661267956088,0.01425250656184452,2416,n2367_pose1668,v1
East Asian,male,philtrum_ratio,0.07489317794204843,0.09901844821117042,0.08686738400309327,0.014212490710052502,2416,n2367_pose1668,v1
East Asian,male,symmetry_error,0.022114877899487812,0.14378956456979117,0.08269004511315926,0.06283306092703439,2416,n2367_pose1668,v1
East Asian,male,upper_lip_ratio,0.03011098521218195,0.04453247310769906,0.037614833853631,0.008544223683472619,2416,n2367_pose1668,v1
East Asian,pooled,beauty_score_raw,30.039309883117674,54.55696792602539,42.47941951651322,14.03436319144906,5048,n2367_pose1668,v1
East Asian,pooled,brow_height_ratio,0.13907258336935333,0.16709008005055673,0.1532179260952002,0.016323256078794996,5048,n2367_pose1668,v1
East Asian,pooled,brow_tilt_deg,-1.2244260921019854,1.2970306603839088,0.04234993862042023,1.660250339483209,5048,n2367_pose1668,v1
East Asian,pooled,cheekbone_width_ratio,0.9810713271718543,0.9960538069297891,0.9883917151828688,0.009301518742244535,5048,n2367_pose1668,v1
East Asian,pooled,chin_width_ratio,0.30375838971255664,0.3381830508055976,0.32140862518337965,0.021595735174195104,5048,n2367_pose1668,v1
East Asian,pooled,eye_openness_ratio,0.22168418656455224,0.3666771973328333,0.2931980900125908,0.08842430997006849,5048,n2367_pose1668,v1
East Asian,pooled,eye_size_ratio,0.17158176391395405,0.20108519968319116,0.18640393678807496,0.01805291115798532,5048,n2367_pose1668,v1
East Asian,pooled,eye_spacing_ratio,1.2445155588871901,1.4840546445209426,1.3659125586357956,0.14554403828096987,5048,n2367_pose1668,v1
East Asian,pooled,eye_tilt_deg,-0.6444534910367538,0.7680430069874344,0.052815421067708535,0.9723399397615847,5048,n2367_pose1668,v1
East Asian,pooled,face_aspect_ratio,0.8221236615272641,0.9199990993785656,0.8723583332180637,0.06012668405934615,5048,n2367_pose1668,v1
East Asian,pooled,jaw_angle_sharpness,103.03304846338972,112.22494056861956,107.54895814481256,5.8225761376775536,5048,n2367_pose1668,v1
East Asian,pooled,jaw_width_ratio,0.7764875090932809,0.8204342526683361,0.7984046228979151,0.02691793742323228,5048,n2367_pose1668,v1
East Asian,pooled,lip_thickness_ratio,0.002829641247126575,0.07489501349676797,0.04071358377105609,0.03762125024263923,5048,n2367_pose1668,v1
East Asian,pooled,lower_cheek_ratio,0.8720627703123904,0.9092350449805814,0.890638944934486,0.02284989285718386,5048,n2367_pose1668,v1
East Asian,pooled,lowerface_length_ratio,0.44457294033662237,0.518587193878139,0.4825089262018505,0.04499118538484791,5048,n2367_pose1668,v1
East Asian,pooled,midface_length_ratio,0.17374290084772792,0.23521147509016233,0.20383243834710937,0.038415495213391854,5048,n2367_pose1668,v1
East Asian,pooled,mouth_corner_tilt_deg,-1.2794299157303153,1.2074356617447113,-0.03126042858101322,1.654961943143042,5048,n2367_pose1668,v1
East Asian,pooled,mouth_width_ratio,0.3263459471143444,0.4159364258995347,0.37119166921772756,0.050117501057797255,5048,n2367_pose1668,v1
East Asian,pooled,nose_length_ratio,0.15560749662291068,0.18830256819432423,0.17175575968551476,0.019502615234533817,5048,n2367_pose1668,v1
East Asian,pooled,nose_tip_deviation_ratio,0.039009761280687325,0.2631674982612938,0.15038982609938403,0.1163952857244834,5048,n2367_pose1668,v1
East Asian,pooled,nose_width_ratio,0.20360658440822285,0.22706738363613693,0.21541108241305462,0.01406967450189855,5048,n2367_pose1668,v1
East Asian,pooled,philtrum_ratio,0.07118214175668308,0.09507984615532658,0.08312600954876334,0.01457744983225977,5048,n2367_pose1668,v1
East Asian,pooled,symmetry_error,0.022211484114329022,0.14424325327078502,0.08345766296654684,0.06250766193530116,5048,n2367_pose1668,v1
East Asian,pooled,upper_lip_ratio,0.030151026631180453,0.044219660030551035,0.037416791848176395,0.008271738477132399,5048,n2367_pose1668,v1
Indian,female,beauty_score_raw,36.71469955444336,60.60946121215821,48.64110661704958,13.677981040776816,2318,n2367_pose1668,v1
Indian,female,brow_height_ratio,0.1303810897783416,0.1615769470649239,0.1461928931098964,0.018171488014324808,2318,n2367_pose1668,v1
Indian,female,brow_tilt_deg,-1.228444915362206,0.9659597320070186,-0.12966587942164165,1.4687565782850387,2318,n2367_pose1668,v1
Indian,female,cheekbone_width_ratio,0.9817620725219162,0.9961551061270748,0.988851744325169,0.008517896486675901,2318,n2367_pose1668,v1
Indian,female,chin_width_ratio,0.3072395116510277,0.3351497489813336,0.3213939290580909,0.016944884967425626,2318,n2367_pose1668,v1
Indian,female,eye_openness_ratio,0.28374485241947595,0.3965900226616672,0.34063100963839893,0.07056127405561942,2318,n2367_pose1668,v1
Indian,female,eye_size_ratio,0.18593407930465938,0.21695937195613157,0.20129194200628758,0.018815301479633024,2318,n2367_pose1668,v1
Indian,female,eye_spacing_ratio,1.1132559568862168,1.3449440929569074,1.2338915453222787,0.14240371671384022,2318,n2367_pose1668,v1
Indian,female,eye_tilt_deg,-0.6644365632041567,0.6357238201003999,-0.022774120433992018,0.8855931092580688,2318,n2367_pose1668,v1
Indian,female,face_aspect_ratio,0.827888156033915,0.922624917122,0.8754562186146528,0.05529925031292036,2318,n2367_pose1668,v1
Indian,female,jaw_angle_sharpness,102.35624027093216,111.51203810885808,106.7918627582398,5.568049851048355,2318,n2367_pose1668,v1
Indian,female,jaw_width_ratio,0.7808818101560513,0.8193400066185846,0.8002063471456698,0.023452271210944235,2318,n2367_pose1668,v1
Indian,female,lip_thickness_ratio,0.002267420117449315,0.07155687531618722,0.03500484998336729,0.03558551650656828,2318,n2367_pose1668,v1
Indian,female,lower_cheek_ratio,0.8758313208604875,0.9093966372883089,0.8923753943766399,0.020419329238027036,2318,n2367_pose1668,v1
Indian,female,lowerface_length_ratio,0.44330989716571817,0.5159408389785308,0.47902584965797734,0.04329579462189663,2318,n2367_pose1668,v1
Indian,female,midface_length_ratio,0.16907318488010695,0.23822330274777892,0.2036129414471838,0.0416276707036042,2318,n2367_pose1668,v1
Indian,female,mouth_corner_tilt_deg,-1.0590348853263705,1.16400916909041,0.04311433938579226,1.4398022298686677,2318,n2367_pose1668,v1
Indian,female,mouth_width_ratio,0.3495716145469579,0.44782201900849816,0.3972543958642853,0.05368755718026572,2318,n2367_pose1668,v1
Indian,female,nose_length_ratio,0.1574471628776221,0.19148105775548593,0.17441652894632634,0.020296951058241995,2318,n2367_pose1668,v1
Indian,female,nose_tip_deviation_ratio,0.03813432127218778,0.26000860678310667,0.1490089672199849,0.112899577311592,2318,n2367_pose1668,v1
Indian,female,nose_width_ratio,0.20943823337088233,0.23256167542852993,0.22108274071573664,0.01419071982291691,2318,n2367_pose1668,v1
Indian,female,philtrum_ratio,0.06581752294022357,0.09235973213832127,0.07941999742195859,0.015253727331798349,2318,n2367_pose1668,v1
Indian,female,symmetry_error,0.02143524835507075,0.139476814866066,0.08047942618036154,0.05911583284359569,2318,n2367_pose1668,v1
Indian,female,upper_lip_ratio,0.030055412609916347,0.044053304381964885,0.03718822480916316,0.008285005749979427,2318,n2367_pose1668,v1
Indian,male,beauty_score_raw,34.399007415771486,58.95593490600586,46.878332331916795,14.182634095562088,2445,n2367_pose1668,v1
Indian,male,brow_height_ratio,0.12372553466530122,0.15479301901670292,0.13949474476775225,0.018454413846549868,2445,n2367_pose1668,v1
Indian,male,brow_tilt_deg,-1.3213570297733195,1.1565675777027784,-0.06731220384255858,1.622686987647751,2445,n2367_pose1668,v1
Indian,male,cheekbone_width_ratio,0.9837618722066537,0.9983048233966927,0.990812899764158,0.008993741619938479,2445,n2367_pose1668,v1
Indian,male,chin_width_ratio,0.3175353222901537,0.3483397410016692,0.33316159881748314,0.019407891021979835,2445,n2367_pose1668,v1
Indian,male,eye_openness_ratio,0.2671627050479667,0.38490407558739675,0.3246507738342701,0.07311021433560842,2445,n2367_pose1668,v1
Indian,male,eye_size_ratio,0.18294520607708584,0.21226326918398072,0.19774204997174966,0.01837290125489031,2445,n2367_pose1668,v1
Indian,male,eye_spacing_ratio,1.138190998723201,1.3540822737589433,1.2480148957089177,0.13305321226893405,2445,n2367_pose1668,v1
Indian,male,eye_tilt_deg,-0.7596479892640545,0.7608526159303278,-0.01250012913580914,1.0269954064078943,2445,n2367_pose1668,v1
Indian,male,face_aspect_ratio,0.8285685205668868,0.9230974176587095,0.8767682280969311,0.05631609752589191,2445,n2367_pose1668,v1
Indian,male,jaw_angle_sharpness,101.86753757966078,112.08227449767374,106.78250029961136,6.1605997666646655,2445,n2367_pose1668,v1
Indian,male,jaw_width_ratio,0.7919341671322758,0.8322999763913113,0.8119295082069203,0.02532855232248491,2445,n2367_pose1668,v1
Indian,male,lip_thickness_ratio,0.00214716439182473,0.06168533890075532,0.030243196199503525,0.03280154221346993,2445,n2367_pose1668,v1
Indian,male,lower_cheek_ratio,0.8840097794019229,0.9199613391692434,0.9015132615753562,0.022086329127024486,2445,n2367_pose1668,v1
Indian,male,lowerface_length_ratio,0.45201438509313957,0.5268540340549605,0.4897706764510369,0.043937210188255214,2445,n2367_pose1668,v1
Indian,male,midface_length_ratio,0.16224096799313306,0.23565551791697728,0.19835796535263614,0.043158433648136624,2445,n2367_pose1668,v1
Indian,male,mouth_corner_tilt_deg,-1.0868023267693943,1.2605555022188049,0.07944359935505814,1.4948221127204562,2445,n2367_pose1668,v1
Indian,male,mouth_width_ratio,0.3451923650944913,0.42670009127051045,0.38523640781113727,0.047005089690253486,2445,n2367_pose1668,v1
Indian,male,nose_length_ratio,0.15586904592482417,0.19179015430760007,0.17377681319719282,0.02101409948982295,2445,n2367_pose1668,v1
Indian,male,nose_tip_deviation_ratio,0.035185384732512585,0.2639501315955593,0.1491129464005833,0.11877374891266607,2445,n2367_pose1668,v1
Indian,male,nose_width_ratio,0.21057825376657366,0.2357787765108713,0.2232461346773122,0.015046923384765518,2445,n2367_pose1668,v1
Indian,male,philtrum_ratio,0.07051051461777917,0.09578367508080175,0.08330382136729511,0.014770686440125913,2445,n2367_pose1668,v1
Indian,male,symmetry_error,0.020553645491600037,0.14375348289807638,0.08146008472805862,0.06271825815158048,2445,n2367_pose1668,v1
Indian,male,upper_lip_ratio,0.029428593686064725,0.04378548666288237,0.03693557873682805,0.008474920011230156,2445,n2367_pose1668,v1
Indian,pooled,beauty_score_raw,35.556853485107425,59.78269805908204,47.75971947448319,13.960443435482492,4763,n2367_pose1668,v1
Indian,pooled,brow_height_ratio,0.1270533122218214,0.1581849830408134,0.1428438189388243,0.018617209279067255,4763,n2367_pose1668,v1
Indian,pooled,brow_tilt_deg,-1.2749009725677627,1.0612636548548986,-0.09848904163210012,1.5479507318655232,4763,n2367_pose1668,v1
Indian,pooled,cheekbone_width_ratio,0.9827619723642849,0.9972299647618837,0.9898323220446634,0.008813768042446272,4763,n2367_pose1668,v1
Indian,pooled,chin_width_ratio,0.3123874169705907,0.3417447449915014,0.327277763937787,0.01914463875688705,4763,n2367_pose1668,v1
Indian,pooled,eye_openness_ratio,0.27545377873372134,0.39074704912453195,0.3326408917363345,0.07228997442498038,4763,n2367_pose1668,v1
Indian,pooled,eye_size_ratio,0.1844396426908726,0.21461132057005616,0.19951699598901862,0.018679934917176007,4763,n2367_pose1668,v1
Indian,pooled,eye_spacing_ratio,1.125723477804709,1.3495131833579253,1.2409532205155982,0.13798860522171605,4763,n2367_pose1668,v1
Indian,pooled,eye_tilt_deg,-0.7120422762341057,0.6982882180153638,-0.01763712478490058,0.9589180093722526,4763,n2367_pose1668,v1
Indian,pooled,face_aspect_ratio,0.8282283383004009,0.9228611673903547,0.876112223355792,0.055813845102078534,4763,n2367_pose1668,v1
Indian,pooled,jaw_angle_sharpness,102.11188892529647,111.79715630326591,106.78718152892557,5.871806044847161,4763,n2367_pose1668,v1
Indian,pooled,jaw_width_ratio,0.7864079886441635,0.825819991504948,0.8060679276762951,0.02510239869353603,4763,n2367_pose1668,v1
Indian,pooled,lip_thickness_ratio,0.0022072922546370224,0.06662110710847127,0.0326240230914354,0.03430456842754319,4763,n2367_pose1668,v1
Indian,pooled,lower_cheek_ratio,0.8799205501312053,0.9146789882287761,0.8969443279759981,0.021754370242651554,4763,n2367_pose1668,v1
Indian,pooled,lowerface_length_ratio,0.44766214112942887,0.5213974365167456,0.4843982630545071,0.043947297541912476,4763,n2367_pose1668,v1
Indian,pooled,midface_length_ratio,0.16565707643662,0.2369394103323781,0.20098545339990997,0.0424812944132206,4763,n2367_pose1668,v1
Indian,pooled,mouth_corner_tilt_deg,-1.0729186060478824,1.2122823356546073,0.0612789693704252,1.4676824447709718,4763,n2367_pose1668,v1
Indian,pooled,mouth_width_ratio,0.3473819898207246,0.4372610551395043,0.3912454018377113,0.05081362155562193,4763,n2367_pose1668,v1
Indian,pooled,nose_length_ratio,0.15665810440122313,0.191635606031543,0.17409667107175958,0.02066111344710994,4763,n2367_pose1668,v1
Indian,pooled,nose_tip_deviation_ratio,0.03665985300235018,0.26197936918933296,0.1490609568102841,0.11587390429630864,4763,n2367_pose1668,v1
Indian,pooled,nose_width_ratio,0.210008243568728,0.2341702259697006,0.2221644376965244,0.0146650361260383,4763,n2367_pose1668,v1
Indian,pooled,philtrum_ratio,0.06816401877900137,0.09407170360956152,0.08136190939462684,0.01513921100395522,4763,n2367_pose1668,v1
Indian,pooled,symmetry_error,0.020994446923335394,0.1416151488820712,0.08096975545421008,0.060945641533885854,4763,n2367_pose1668,v1
Indian,pooled,upper_lip_ratio,0.029742003147990536,0.04391939552242363,0.037061901772995606,0.008381452872052506,4763,n2367_pose1668,v1
Latino_Hispanic,female,beauty_score_raw,35.04393768310547,59.87008285522461,47.64247677907518,14.463518606732528,2711,n2367_pose1668,v1
Latino_Hispanic,female,brow_height_ratio,0.13294123523752646,0.1623909046884593,0.1477151020711357,0.017368052721269817,2711,n2367_pose1668,v1
Latino_Hispanic,female,brow_tilt_deg,-1.3407295144440543,1.127224153774898,-0.10410556236257669,1.5934355000388318,2711,n2367_pose1668,v1
Latino_Hispanic,female,cheekbone_width_ratio,0.9819088164967213,0.9962813999032891,0.9890412734352193,0.008455509749116494,2711,n2367_pose1668,v1
Latino_Hispanic,female,chin_width_ratio,0.3070588644446344,0.33755506939280344,0.3231756779641191,0.0193285610931464,2711,n2367_pose1668,v1
Latino_Hispanic,female,eye_openness_ratio,0.260132090574244,0.3860682139841108,0.32163204943804247,0.07928995150685313,2711,n2367_pose1668,v1
Latino_Hispanic,female,eye_size_ratio,0.179485720899415,0.20972309188171795,0.19456070539355755,0.018504605049681416,2711,n2367_pose1668,v1
Latino_Hispanic,female,eye_spacing_ratio,1.167903989918676,1.391319947874903,1.2840984179635668,0.14196660840191172,2711,n2367_pose1668,v1
Latino_Hispanic,female,eye_tilt_deg,-0.6403857189432515,0.719067159229357,0.019386759993543976,0.9236485051415908,2711,n2367_pose1668,v1
Latino_Hispanic,female,face_aspect_ratio,0.818391224999237,0.909880309954391,0.8643623914187547,0.05694294068206674,2711,n2367_pose1668,v1
Latino_Hispanic,female,jaw_angle_sharpness,103.04660261836155,112.30039328986014,107.67608477547425,5.755485236050119,2711,n2367_pose1668,v1
Latino_Hispanic,female,jaw_width_ratio,0.7827574548319141,0.8210522752696486,0.8021200500656323,0.023587067983782663,2711,n2367_pose1668,v1
Latino_Hispanic,female,lip_thickness_ratio,0.0025250362072040057,0.07647365890823482,0.04170044934366346,0.037426276623322735,2711,n2367_pose1668,v1
Latino_Hispanic,female,lower_cheek_ratio,0.8768308767907468,0.9104253552361585,0.8937500796327379,0.020224011449707625,2711,n2367_pose1668,v1
Latino_Hispanic,female,lowerface_length_ratio,0.4526437715293851,0.5245970664453172,0.48876600642949,0.044735222705842924,2711,n2367_pose1668,v1
Latino_Hispanic,female,midface_length_ratio,0.1632658562225397,0.22961548907803792,0.1962186039486654,0.0410003237902782,2711,n2367_pose1668,v1
Latino_Hispanic,female,mouth_corner_tilt_deg,-1.0433233035468465,1.1780389417948882,0.056766488103675586,1.494776266340196,2711,n2367_pose1668,v1
Latino_Hispanic,female,mouth_width_ratio,0.3516169078954903,0.4597526138549437,0.40552429162100295,0.0575465521547507,2711,n2367_pose1668,v1
Latino_Hispanic,female,nose_length_ratio,0.15246465006414722,0.18616630198818193,0.16911137540857815,0.020433743649283593,2711,n2367_pose1668,v1
Latino_Hispanic,female,nose_tip_deviation_ratio,0.043341068278594325,0.27251936462226195,0.1578073255774765,0.11803296711283678,2711,n2367_pose1668,v1
Latino_Hispanic,female,nose_width_ratio,0.20793102531314817,0.23145143680644148,0.21986455756988066,0.014274878363147945,2711,n2367_pose1668,v1
Latino_Hispanic,female,philtrum_ratio,0.06724633573786591,0.09351661238059757,0.08082621286301324,0.015138402096050555,2711,n2367_pose1668,v1
Latino_Hispanic,female,symmetry_error,0.023592521746953327,0.14293691019217172,0.08327380323009152,0.06045535422126,2711,n2367_pose1668,v1
Latino_Hispanic,female,upper_lip_ratio,0.02853857510820782,0.04271169064203681,0.03607084835995718,0.008444063743539046,2711,n2367_pose1668,v1
Latino_Hispanic,male,beauty_score_raw,33.44423065185547,58.23433609008789,46.010016618483135,14.449501396362649,2525,n2367_pose1668,v1
Latino_Hispanic,male,brow_height_ratio,0.12384918906425123,0.154635371638069,0.13958173460575013,0.01841122363542773,2525,n2367_pose1668,v1
Latino_Hispanic,male,brow_tilt_deg,-1.4212539255349497,1.1742588963669498,-0.1293873706685636,1.6644288684947246,2525,n2367_pose1668,v1
Latino_Hispanic,male,cheekbone_width_ratio,0.9846171292105507,0.9985833475832016,0.9914303541753338,0.008612004906959021,2525,n2367_pose1668,v1
Latino_Hispanic,male,chin_width_ratio,0.3181293373935461,0.35060812064802527,0.33441429686991614,0.020178752698697257,2525,n2367_pose1668,v1
Latino_Hispanic,male,eye_openness_ratio,0.24360655269869352,0.3664778640222434,0.30533443231846,0.07784327876725351,2525,n2367_pose1668,v1
Latino_Hispanic,male,eye_size_ratio,0.17678546211676238,0.2044543493770816,0.19041732628993607,0.017360180499702362,2525,n2367_pose1668,v1
Latino_Hispanic,male,eye_spacing_ratio,1.1837646820992545,1.4092945496411964,1.2996525854101348,0.14152650823968208,2525,n2367_pose1668,v1
Latino_Hispanic,male,eye_tilt_deg,-0.8211366390141861,0.707117203763003,-0.03220428193820157,1.035025787580812,2525,n2367_pose1668,v1
Latino_Hispanic,male,face_aspect_ratio,0.8142752747506901,0.9107064355519707,0.863904147093385,0.058123350150497965,2525,n2367_pose1668,v1
Latino_Hispanic,male,jaw_angle_sharpness,102.84355917178172,112.6929943757947,107.67660731511862,6.03229310567936,2525,n2367_pose1668,v1
Latino_Hispanic,male,jaw_width_ratio,0.7912559069710545,0.8318881477496628,0.8121676343486799,0.025145936722964005,2525,n2367_pose1668,v1
Latino_Hispanic,male,lip_thickness_ratio,0.00200804514419323,0.06279404256457648,0.031671157048378175,0.03328960612566863,2525,n2367_pose1668,v1
Latino_Hispanic,male,lower_cheek_ratio,0.8845167606497318,0.920055535567609,0.901997242803509,0.02172249161904136,2525,n2367_pose1668,v1
Latino_Hispanic,male,lowerface_length_ratio,0.46077469706371027,0.5352186916775308,0.49825793125678747,0.044225613040692974,2525,n2367_pose1668,v1
Latino_Hispanic,male,midface_length_ratio,0.15796173930187984,0.22705329278772118,0.19260648718959683,0.04117189628609463,2525,n2367_pose1668,v1
Latino_Hispanic,male,mouth_corner_tilt_deg,-1.164349997199444,1.2632705786445197,0.04320726799021606,1.6403568745243076,2525,n2367_pose1668,v1
Latino_Hispanic,male,mouth_width_ratio,0.34074801472835664,0.42986690126774707,0.38531238321409195,0.05003055703888473,2525,n2367_pose1668,v1
Latino_Hispanic,male,nose_length_ratio,0.15272449193302706,0.18765613675337814,0.17023804113380972,0.020472474933123427,2525,n2367_pose1668,v1
Latino_Hispanic,male,nose_tip_deviation_ratio,0.04396663945182904,0.2703340672449098,0.1571926881430398,0.11648627550963579,2525,n2367_pose1668,v1
Latino_Hispanic,male,nose_width_ratio,0.20921162603389193,0.23378452337810762,0.22165244755918603,0.014978646376296303,2525,n2367_pose1668,v1
Latino_Hispanic,male,philtrum_ratio,0.0750432817423319,0.10045423214431728,0.08804556544450472,0.014980623798341619,2525,n2367_pose1668,v1
Latino_Hispanic,male,symmetry_error,0.02424037456512451,0.14584229588508607,0.08434996423253131,0.06113183910756029,2525,n2367_pose1668,v1
Latino_Hispanic,male,upper_lip_ratio,0.027953185146157574,0.04304541769981957,0.035699024114746736,0.008788474579825425,2525,n2367_pose1668,v1
Latino_Hispanic,pooled,beauty_score_raw,34.244084167480466,59.05220947265625,46.82624669877916,14.479535976314018,5236,n2367_pose1668,v1
Latino_Hispanic,pooled,brow_height_ratio,0.12839521215088884,0.15851313816326415,0.1436484183384429,0.018353449869793422,5236,n2367_pose1668,v1
Latino_Hispanic,pooled,brow_tilt_deg,-1.380991719989502,1.1507415250709239,-0.11674646651557014,1.6293679351175168,5236,n2367_pose1668,v1
Latino_Hispanic,pooled,cheekbone_width_ratio,0.983262972853636,0.9974323737432453,0.9902358138052765,0.008617311849599267,5236,n2367_pose1668,v1
Latino_Hispanic,pooled,chin_width_ratio,0.31259410091909023,0.34408159502041435,0.3287949874170176,0.020541769785750296,5236,n2367_pose1668,v1
Latino_Hispanic,pooled,eye_openness_ratio,0.2518693216364688,0.3762730390031771,0.31348324087825125,0.07899138757194893,5236,n2367_pose1668,v1
Latino_Hispanic,pooled,eye_size_ratio,0.1781355915080887,0.20708872062939976,0.19248901584174682,0.01806073185428973,5236,n2367_pose1668,v1
Latino_Hispanic,pooled,eye_spacing_ratio,1.1758343360089651,1.4003072487580497,1.2918755016868508,0.1419599177552175,5236,n2367_pose1668,v1
Latino_Hispanic,pooled,eye_tilt_deg,-0.7307611789787187,0.71309218149618,-0.0064087609723287985,0.9812583145663982,5236,n2367_pose1668,v1
Latino_Hispanic,pooled,face_aspect_ratio,0.8163332498749636,0.9102933727531808,0.8641332692560699,0.05753662885575419,5236,n2367_pose1668,v1
Latino_Hispanic,pooled,jaw_angle_sharpness,102.94508089507164,112.49669383282742,107.67634604529644,5.895513995901378,5236,n2367_pose1668,v1
Latino_Hispanic,pooled,jaw_width_ratio,0.7870066809014843,0.8264702115096557,0.8071438422071561,0.02489121215117003,5236,n2367_pose1668,v1
Latino_Hispanic,pooled,lip_thickness_ratio,0.0022665406756986178,0.06963385073640566,0.036685803196020814,0.0357716187071522,5236,n2367_pose1668,v1
Latino_Hispanic,pooled,lower_cheek_ratio,0.8806738187202393,0.9152404454018838,0.8978736612181235,0.021387906997174338,5236,n2367_pose1668,v1
Latino_Hispanic,pooled,lowerface_length_ratio,0.4567092342965477,0.529907879061424,0.49351196884313875,0.0447336188890968,5236,n2367_pose1668,v1
Latino_Hispanic,pooled,midface_length_ratio,0.16061379776220977,0.22833439093287955,0.19441254556913112,0.04112587560430263,5236,n2367_pose1668,v1
Latino_Hispanic,pooled,mouth_corner_tilt_deg,-1.1038366503731454,1.220654760219704,0.04998687804694582,1.5692703222259277,5236,n2367_pose1668,v1
Latino_Hispanic,pooled,mouth_width_ratio,0.3461824613119235,0.4448097575613454,0.39541833741754745,0.05485855869071498,5236,n2367_pose1668,v1
Latino_Hispanic,pooled,nose_length_ratio,0.15259457099858714,0.18691121937078004,0.16967470827119394,0.020460874825385725,5236,n2367_pose1668,v1
Latino_Hispanic,pooled,nose_tip_deviation_ratio,0.043653853865211686,0.2714267159335859,0.15750000686025817,0.11726257415977759,5236,n2367_pose1668,v1
Latino_Hispanic,pooled,nose_width_ratio,0.20857132567352005,0.23261798009227455,0.22075850256453333,0.01465827880168324,5236,n2367_pose1668,v1
Latino_Hispanic,pooled,philtrum_ratio,0.0711448087400989,0.09698542226245743,0.08443588915375898,0.015486281562355285,5236,n2367_pose1668,v1
Latino_Hispanic,pooled,symmetry_error,0.023916448156038918,0.1443896030386289,0.08381188373131142,0.06079691878681946,5236,n2367_pose1668,v1
Latino_Hispanic,pooled,upper_lip_ratio,0.028245880127182696,0.04287855417092819,0.03588493623735196,0.008619994912407173,5236,n2367_pose1668,v1
Middle Eastern,female,beauty_score_raw,36.280921936035156,64.86565399169922,50.63783174963099,15.77409136526804,1221,n2367_pose1668,v1
Middle Eastern,female,brow_height_ratio,0.1323603439742503,0.16428175250181704,0.14862725603242993,0.01900657319858907,1221,n2367_pose1668,v1
Middle Eastern,female,brow_tilt_deg,-1.3140003680761467,1.2522795956074757,-0.013515734123277886,1.6735929335448272,1221,n2367_pose1668,v1
Middle Eastern,female,cheekbone_width_ratio,0.9824223889833299,0.9969365816398257,0.9895271146872352,0.008882622808836166,1221,n2367_pose1668,v1
Middle Eastern,female,chin_width_ratio,0.30987925618192286,0.34168627611783425,0.3261477898225832,0.019900467070939946,1221,n2367_pose1668,v1
Middle Eastern,female,eye_openness_ratio,0.23509304876915318,0.3893851844736561,0.3111422676799834,0.09392439692317853,1221,n2367_pose1668,v1
Middle Eastern,female,eye_size_ratio,0.1808083634146772,0.21362212689675952,0.19780898834811883,0.020512021562793088,1221,n2367_pose1668,v1
Middle Eastern,female,eye_spacing_ratio,1.132815505511893,1.380681296049776,1.2599902329599102,0.1556810708561758,1221,n2367_pose1668,v1
Middle Eastern,female,eye_tilt_deg,-0.6665511675062462,0.7858368216586167,0.07122984976764174,1.00596045439236,1221,n2367_pose1668,v1
Middle Eastern,female,face_aspect_ratio,0.8026278069321052,0.8901472191637236,0.8467090669084313,0.05718738029128881,1221,n2367_pose1668,v1
Middle Eastern,female,jaw_angle_sharpness,105.22940327307627,114.75420115151559,109.93178317115961,5.764959380149807,1221,n2367_pose1668,v1
Middle Eastern,female,jaw_width_ratio,0.7834199699606149,0.8232223086080068,0.8033762182624196,0.024814365642176976,1221,n2367_pose1668,v1
Middle Eastern,female,lip_thickness_ratio,0.00204288909637509,0.07112686023670332,0.03616712773287283,0.03748214038427787,1221,n2367_pose1668,v1
Middle Eastern,female,lower_cheek_ratio,0.8766063404086392,0.9116961790121312,0.8940011816431005,0.021432410293325148,1221,n2367_pose1668,v1
Middle Eastern,female,lowerface_length_ratio,0.44277529858736825,0.5202828990674894,0.48248229585787245,0.04711353975836152,1221,n2367_pose1668,v1
Middle Eastern,female,midface_length_ratio,0.16703182938073308,0.24214194589744426,0.2044885885657028,0.04426424759042226,1221,n2367_pose1668,v1
Middle Eastern,female,mouth_corner_tilt_deg,-1.1897653812337428,1.3825893270627487,0.08762361535917103,1.6502069819257688,1221,n2367_pose1668,v1
Middle Eastern,female,mouth_width_ratio,0.3461480714859749,0.441861992366885,0.39317167554715277,0.05214467767543113,1221,n2367_pose1668,v1
Middle Eastern,female,nose_length_ratio,0.15486288303465043,0.19268447255708376,0.17380267335495742,0.021865350009495785,1221,n2367_pose1668,v1
Middle Eastern,female,nose_tip_deviation_ratio,0.05224719629974145,0.3024392744688468,0.17727484446270975,0.12344001452380868,1221,n2367_pose1668,v1
Middle Eastern,female,nose_width_ratio,0.205374891163531,0.23121469162863445,0.21839613824558476,0.015828255212884123,1221,n2367_pose1668,v1
Middle Eastern,female,philtrum_ratio,0.07085722963298352,0.0954593167728326,0.083751569605963,0.014817862922631531,1221,n2367_pose1668,v1
Middle Eastern,female,symmetry_error,0.02777027090390523,0.15344963471094766,0.09207890715440896,0.062351935274951725,1221,n2367_pose1668,v1
Middle Eastern,female,upper_lip_ratio,0.028591913667228543,0.041672280583382994,0.03538805509212551,0.007883888359368912,1221,n2367_pose1668,v1
Middle Eastern,male,beauty_score_raw,36.640342712402344,62.98955764770508,50.09817249371427,15.401636862366104,2653,n2367_pose1668,v1
Middle Eastern,male,brow_height_ratio,0.12102270163917588,0.15368079072951632,0.1376467827858971,0.01972057107903688,2653,n2367_pose1668,v1
Middle Eastern,male,brow_tilt_deg,-1.2004195097804597,1.3633175768278862,0.08568822984226676,1.6892241826329295,2653,n2367_pose1668,v1
Middle Eastern,male,cheekbone_width_ratio,0.9834581066936062,0.9977866439072641,0.9905210689833196,0.008707945886432785,2653,n2367_pose1668,v1
Middle Eastern,male,chin_width_ratio,0.3189535703585273,0.349853186636142,0.3349064752238264,0.019636358720723633,2653,n2367_pose1668,v1
Middle Eastern,male,eye_openness_ratio,0.23244288124241916,0.3738395860678972,0.30243734917534854,0.09113433053127509,2653,n2367_pose1668,v1
Middle Eastern,male,eye_size_ratio,0.17747894897257419,0.2082372534208082,0.19273368607971048,0.018632454408891056,2653,n2367_pose1668,v1
Middle Eastern,male,eye_spacing_ratio,1.1582867034494964,1.3902864332672682,1.278302280499182,0.14104898428619575,2653,n2367_pose1668,v1
Middle Eastern,male,eye_tilt_deg,-0.7871464979915186,0.8621344865862492,0.031261608920872125,1.1014354656409504,2653,n2367_pose1668,v1
Middle Eastern,male,face_aspect_ratio,0.8006013857280945,0.897523975187018,0.8495834269456981,0.06048951946718168,2653,n2367_pose1668,v1
Middle Eastern,male,jaw_angle_sharpness,104.87796499629349,114.60892422023987,109.63605054956426,6.109941100992648,2653,n2367_pose1668,v1
Middle Eastern,male,jaw_width_ratio,0.791236876903016,0.8328549775224031,0.8115618951918419,0.025466275852855456,2653,n2367_pose1668,v1
Middle Eastern,male,lip_thickness_ratio,0.00199258179120756,0.059292376748848075,0.029129110344049112,0.03230350711578963,2653,n2367_pose1668,v1
Middle Eastern,male,lower_cheek_ratio,0.8824089355683422,0.9198279589664835,0.9007249175995945,0.022177557829103172,2653,n2367_pose1668,v1
Middle Eastern,male,lowerface_length_ratio,0.44995023496586906,0.5225472464897915,0.4861630836515271,0.04396391295225928,2653,n2367_pose1668,v1
Middle Eastern,male,midface_length_ratio,0.16871180406499867,0.24088503660545493,0.20477159613802529,0.04309040662414463,2653,n2367_pose1668,v1
Middle Eastern,male,mouth_corner_tilt_deg,-1.5292679702831415,1.2141148389523673,-0.15696549265552276,1.877571216120844,2653,n2367_pose1668,v1
Middle Eastern,male,mouth_width_ratio,0.33858825602961007,0.41576954919229686,0.3777858047895167,0.04553716281856228,2653,n2367_pose1668,v1
Middle Eastern,male,nose_length_ratio,0.15843989871425232,0.19463167726018482,0.17638959159032658,0.021599521685373466,2653,n2367_pose1668,v1
Middle Eastern,male,nose_tip_deviation_ratio,0.04479302110938241,0.2723595483026563,0.16066385520138726,0.11756389957716283,2653,n2367_pose1668,v1
Middle Eastern,male,nose_width_ratio,0.20666317229130302,0.23183415885191408,0.2196805596966195,0.015280256771791697,2653,n2367_pose1668,v1
Middle Eastern,male,philtrum_ratio,0.07518402751618722,0.09991285124915673,0.08755061072438707,0.014514671501225741,2653,n2367_pose1668,v1
Middle Eastern,male,symmetry_error,0.025634050369262695,0.14776906271775564,0.08661456964418568,0.061337492307779434,2653,n2367_pose1668,v1
Middle Eastern,male,upper_lip_ratio,0.026271804572387803,0.04021696858346639,0.03339189466854848,0.008318167327308036,2653,n2367_pose1668,v1
Middle Eastern,pooled,beauty_score_raw,36.46063232421875,63.92760581970215,50.36800212167263,15.591311562794623,3874,n2367_pose1668,v1
Middle Eastern,pooled,brow_height_ratio,0.12669152280671309,0.15898127161566666,0.1431370194091635,0.02013002912063943,3874,n2367_pose1668,v1
Middle Eastern,pooled,brow_tilt_deg,-1.2572099389283031,1.307798586217681,0.036086247859494436,1.6821581910801833,3874,n2367_pose1668,v1
Middle Eastern,pooled,cheekbone_width_ratio,0.9829402478384681,0.997361612773545,0.9900240918352774,0.008809746934404386,3874,n2367_pose1668,v1
Middle Eastern,pooled,chin_width_ratio,0.31441641327022507,0.34576973137698813,0.33052713252320476,0.020248116683157114,3874,n2367_pose1668,v1
Middle Eastern,pooled,eye_openness_ratio,0.23376796500578617,0.3816123852707767,0.30678980842766596,0.09264217814217413,3874,n2367_pose1668,v1
Middle Eastern,pooled,eye_size_ratio,0.1791436561936257,0.21092969015878388,0.19527133721391465,0.019758425195973275,3874,n2367_pose1668,v1
Middle Eastern,pooled,eye_spacing_ratio,1.1455511044806945,1.3854838646585221,1.2691462567295462,0.14882721077415997,3874,n2367_pose1668,v1
Middle Eastern,pooled,eye_tilt_deg,-0.7268488327488825,0.823985654122433,0.05124572934425693,1.054968068453063,3874,n2367_pose1668,v1
Middle Eastern,pooled,face_aspect_ratio,0.8016145963300998,0.8938355971753709,0.8481462469270646,0.058879153368416134,3874,n2367_pose1668,v1
Middle Eastern,pooled,jaw_angle_sharpness,105.05368413468489,114.68156268587774,109.78391686036193,5.94179542748299,3874,n2367_pose1668,v1
Middle Eastern,pooled,jaw_width_ratio,0.7873284234318154,0.8280386430652049,0.8074690567271308,0.025473384163022687,3874,n2367_pose1668,v1
Middle Eastern,pooled,lip_thickness_ratio,0.0020177354437913254,0.0652096184927757,0.032648119038460974,0.03516528305125154,3874,n2367_pose1668,v1
Middle Eastern,pooled,lower_cheek_ratio,0.8795076379884907,0.9157620689893073,0.8973630496213475,0.02206577207861855,3874,n2367_pose1668,v1
Middle Eastern,pooled,lowerface_length_ratio,0.4463627667766187,0.5214150727786404,0.4843226897546998,0.04560309951103908,3874,n2367_pose1668,v1
Middle Eastern,pooled,midface_length_ratio,0.16787181672286589,0.2415134912514496,0.20463009235186402,0.043681499541701516,3874,n2367_pose1668,v1
Middle Eastern,pooled,mouth_corner_tilt_deg,-1.3595166757584423,1.298352083007558,-0.034670938648175866,1.7717743466200444,3874,n2367_pose1668,v1
Middle Eastern,pooled,mouth_width_ratio,0.34236816375779244,0.42881577077959093,0.3854787401683347,0.04955332035759151,3874,n2367_pose1668,v1
Middle Eastern,pooled,nose_length_ratio,0.15665139087445137,0.1936580749086343,0.175096132472642,0.021771299238365613,3874,n2367_pose1668,v1
Middle Eastern,pooled,nose_tip_deviation_ratio,0.04852010870456193,0.28739941138575154,0.1689693498320485,0.12082357003405254,3874,n2367_pose1668,v1
Middle Eastern,pooled,nose_width_ratio,0.206019031727417,0.23152442524027428,0.21903834897110214,0.015569919385276708,3874,n2367_pose1668,v1
Middle Eastern,pooled,philtrum_ratio,0.07302062857458537,0.09768608401099467,0.08565109016517503,0.01478954203300653,3874,n2367_pose1668,v1
Middle Eastern,pooled,symmetry_error,0.02670216063658396,0.15060934871435167,0.08934673839929733,0.06190711302972982,3874,n2367_pose1668,v1
Middle Eastern,pooled,upper_lip_ratio,0.027431859119808173,0.040944624583424696,0.034389974880336995,0.008165167835581069,3874,n2367_pose1668,v1
Southeast Asian,female,beauty_score_raw,30.760726928710938,54.3822738647461,43.10072532687793,14.036305236363454,2245,n2367_pose1668,v1
Southeast Asian,female,brow_height_ratio,0.13591637397606832,0.16172436353221462,0.148917656690568,0.015279433580259311,2245,n2367_pose1668,v1
Southeast Asian,female,brow_tilt_deg,-1.2760331387841395,1.3549546803281731,0.07231092596612727,1.7271471462955492,2245,n2367_pose1668,v1
Southeast Asian,female,cheekbone_width_ratio,0.9832688100325853,0.998644430185453,0.9908002147179542,0.009182701952091895,2245,n2367_pose1668,v1
Southeast Asian,female,chin_width_ratio,0.3051492465229394,0.3389288426486302,0.3224025593078531,0.020480541721517018,2245,n2367_pose1668,v1
Southeast Asian,female,eye_openness_ratio,0.24711472493851522,0.37304109779342065,0.30659378551491606,0.08380759774963012,2245,n2367_pose1668,v1
Southeast Asian,female,eye_size_ratio,0.1776592613368981,0.20856553135032047,0.19335527330618546,0.018779245243301705,2245,n2367_pose1668,v1
Southeast Asian,female,eye_spacing_ratio,1.1991395105097524,1.4370799346734755,1.3197133920619168,0.14447865376120295,2245,n2367_pose1668,v1
Southeast Asian,female,eye_tilt_deg,-0.6725908525568854,0.7997256683002042,0.054621772784294954,0.9935009166745211,2245,n2367_pose1668,v1
Southeast Asian,female,face_aspect_ratio,0.8244676364281546,0.9157035690161778,0.8694785146426331,0.05652238650012747,2245,n2367_pose1668,v1
Southeast Asian,female,jaw_angle_sharpness,103.64004502089146,112.2977036496424,107.99180486396659,5.427117713531327,2245,n2367_pose1668,v1
Southeast Asian,female,jaw_width_ratio,0.7799371356228686,0.8216687071905966,0.8006236674541944,0.025072767100622336,2245,n2367_pose1668,v1
Southeast Asian,female,lip_thickness_ratio,0.003589200146166605,0.07924442651023193,0.04432643770638052,0.03879309259660256,2245,n2367_pose1668,v1
Southeast Asian,female,lower_cheek_ratio,0.8761332855164558,0.9122735402524471,0.8938748825833379,0.02164266611005452,2245,n2367_pose1668,v1
Southeast Asian,female,lowerface_length_ratio,0.4462974548605815,0.5160187953220098,0.4817161095394277,0.04275574416564351,2245,n2367_pose1668,v1
Southeast Asian,female,midface_length_ratio,0.178455439220296,0.23717069027700227,0.20735123452601958,0.03673371276642075,2245,n2367_pose1668,v1
Southeast Asian,female,mouth_corner_tilt_deg,-1.2274951632429902,1.0437255737689821,-0.09687858024707684,1.6869781295351236,2245,n2367_pose1668,v1
Southeast Asian,female,mouth_width_ratio,0.3416301292308541,0.44410606086226795,0.39285166176266784,0.05436332587596423,2245,n2367_pose1668,v1
Southeast Asian,female,nose_length_ratio,0.15737362035436325,0.18968429896037822,0.1730009216577098,0.019099037245445167,2245,n2367_pose1668,v1
Southeast Asian,female,nose_tip_deviation_ratio,0.045870695028036625,0.26872497315082944,0.15820257947203376,0.12089670928566781,2245,n2367_pose1668,v1
Southeast Asian,female,nose_width_ratio,0.20845101355225226,0.2329020504923267,0.22107188708268513,0.014828880773819414,2245,n2367_pose1668,v1
Southeast Asian,female,philtrum_ratio,0.06665900446833517,0.09242625778929367,0.07978645768845026,0.015316314403005168,2245,n2367_pose1668,v1
Southeast Asian,female,symmetry_error,0.02553263505299886,0.14385944406191506,0.08539583814878685,0.0610466316158432,2245,n2367_pose1668,v1
Southeast Asian,female,upper_lip_ratio,0.03112686613522191,0.04549778533227132,0.038342760209186644,0.008371360994284198,2245,n2367_pose1668,v1
Southeast Asian,male,beauty_score_raw,30.26930389404297,53.38146209716797,42.00334723131967,13.324666443163164,2293,n2367_pose1668,v1
Southeast Asian,male,brow_height_ratio,0.13258489242865787,0.1606232872526466,0.14655696281784072,0.016886550605810426,2293,n2367_pose1668,v1
Southeast Asian,male,brow_tilt_deg,-1.2998276176596515,1.2121180440425299,-0.024997514410749603,1.607868049871771,2293,n2367_pose1668,v1
Southeast Asian,male,cheekbone_width_ratio,0.9809580151963078,0.9957733463567082,0.9881444305745507,0.009046928884460782,2293,n2367_pose1668,v1
Southeast Asian,male,chin_width_ratio,0.31090924021509164,0.346370561861476,0.3287947381568565,0.022900577708244108,2293,n2367_pose1668,v1
Southeast Asian,male,eye_openness_ratio,0.23233334259795668,0.3605950839064663,0.2945772120229813,0.08352159240259982,2293,n2367_pose1668,v1
Southeast Asian,male,eye_size_ratio,0.17558360133804007,0.20367395435554286,0.18971875052483475,0.017037651154450384,2293,n2367_pose1668,v1
Southeast Asian,male,eye_spacing_ratio,1.2127060680722301,1.438399578189444,1.3285986140549209,0.13525524545971504,2293,n2367_pose1668,v1
Southeast Asian,male,eye_tilt_deg,-0.6650606725674771,0.7349841405930666,0.02479327947581608,0.956278171067541,2293,n2367_pose1668,v1
Southeast Asian,male,face_aspect_ratio,0.8281866862309732,0.915597083609468,0.8726532321726849,0.05500870533993922,2293,n2367_pose1668,v1
Southeast Asian,male,jaw_angle_sharpness,102.74906188243183,111.92254728228406,107.29574702604761,5.598305874708309,2293,n2367_pose1668,v1
Southeast Asian,male,jaw_width_ratio,0.7778552400374692,0.8230105536912689,0.8008153521193534,0.027654343104143074,2293,n2367_pose1668,v1
Southeast Asian,male,lip_thickness_ratio,0.0033784383913380797,0.07374065985635626,0.04051934139559484,0.03748579192986237,2293,n2367_pose1668,v1
Southeast Asian,male,lower_cheek_ratio,0.8735046933679904,0.9111095996153773,0.8921904415333253,0.023228154253371533,2293,n2367_pose1668,v1
Southeast Asian,male,lowerface_length_ratio,0.4527423838540759,0.526796104653517,0.4900954704779812,0.04432611342968886,2293,n2367_pose1668,v1
Southeast Asian,male,midface_length_ratio,0.1670109190565413,0.23189423142872168,0.19905485057924344,0.038320857734518085,2293,n2367_pose1668,v1
Southeast Asian,male,mouth_corner_tilt_deg,-1.2098760148587266,1.19444074611642,-0.019323076674092134,1.5463252574291315,2293,n2367_pose1668,v1
Southeast Asian,male,mouth_width_ratio,0.3345319741235087,0.4208921419160852,0.37686969794354475,0.04889396220927105,2293,n2367_pose1668,v1
Southeast Asian,male,nose_length_ratio,0.15507802609892543,0.18784971978774903,0.17142689545662795,0.019365518680327466,2293,n2367_pose1668,v1
Southeast Asian,male,nose_tip_deviation_ratio,0.04326849567043727,0.2569348901890769,0.1491610051618646,0.11161332256703685,2293,n2367_pose1668,v1
Southeast Asian,male,nose_width_ratio,0.2094088559385808,0.23421062059566328,0.2221460604908401,0.014894212825695802,2293,n2367_pose1668,v1
Southeast Asian,male,philtrum_ratio,0.07193654013366275,0.098607494826891,0.08553094857378175,0.015264089271339596,2293,n2367_pose1668,v1
Southeast Asian,male,symmetry_error,0.02468232313791911,0.14231652319431307,0.08254760278919301,0.05983946694344464,2293,n2367_pose1668,v1
Southeast Asian,male,upper_lip_ratio,0.031308308025827083,0.04622209663214344,0.03897410330795968,0.008814046233402642,2293,n2367_pose1668,v1
Southeast Asian,pooled,beauty_score_raw,30.515015411376954,53.88186798095703,42.5520362790988,13.696107473516484,4538,n2367_pose1668,v1
Southeast Asian,pooled,brow_height_ratio,0.13425063320236308,0.1611738253924306,0.14773730975420435,0.016146255288402467,4538,n2367_pose1668,v1
Southeast Asian,pooled,brow_tilt_deg,-1.2879303782218954,1.2835363621853515,0.023656705777688837,1.6692829893459649,4538,n2367_pose1668,v1
Southeast Asian,pooled,cheekbone_width_ratio,0.9821134126144465,0.9972088882710806,0.9894723226462525,0.009211284711953656,4538,n2367_pose1668,v1
Southeast Asian,pooled,chin_width_ratio,0.3080292433690155,0.3426497022550531,0.3255986487323548,0.021958130883535553,4538,n2367_pose1668,v1
Southeast Asian,pooled,eye_openness_ratio,0.23972403376823595,0.36681809084994343,0.3005854987689487,0.08388017899740491,4538,n2367_pose1668,v1
Southeast Asian,pooled,eye_size_ratio,0.1766214313374691,0.20611974285293166,0.1915370119155101,0.018021567048101927,4538,n2367_pose1668,v1
Southeast Asian,pooled,eye_spacing_ratio,1.2059227892909914,1.4377397564314598,1.3241560030584187,0.14001345721385175,4538,n2367_pose1668,v1
Southeast Asian,pooled,eye_tilt_deg,-0.6688257625621813,0.7673549044466355,0.039707526130055515,0.9751812347968766,4538,n2367_pose1668,v1
Southeast Asian,pooled,face_aspect_ratio,0.826327161329564,0.9156503263128228,0.8710658734076591,0.055793266863231536,4538,n2367_pose1668,v1
Southeast Asian,pooled,jaw_angle_sharpness,103.19455345166165,112.11012546596322,107.64377594500709,5.524349898412805,4538,n2367_pose1668,v1
Southeast Asian,pooled,jaw_width_ratio,0.7788961878301689,0.8223396304409327,0.8007195097867739,0.026395309375999126,4538,n2367_pose1668,v1
Southeast Asian,pooled,lip_thickness_ratio,0.0034838192687523424,0.0764925431832941,0.04242288955098768,0.0381925098741711,4538,n2367_pose1668,v1
Southeast Asian,pooled,lower_cheek_ratio,0.8748189894422231,0.9116915699339122,0.8930326620583315,0.022465204396971684,4538,n2367_pose1668,v1
Southeast Asian,pooled,lowerface_length_ratio,0.4495199193573287,0.5214074499877634,0.48590579000870443,0.04374908476647759,4538,n2367_pose1668,v1
Southeast Asian,pooled,midface_length_ratio,0.17273317913841865,0.23453246085286197,0.2032030425526315,0.037764194579066976,4538,n2367_pose1668,v1
Southeast Asian,pooled,mouth_corner_tilt_deg,-1.2186855890508586,1.1190831599427011,-0.05810082846058449,1.6186451802912714,4538,n2367_pose1668,v1
Southeast Asian,pooled,mouth_width_ratio,0.3380810516771814,0.4324991013891766,0.3848606798531063,0.05231492294066692,4538,n2367_pose1668,v1
Southeast Asian,pooled,nose_length_ratio,0.15622582322664436,0.18876700937406363,0.1722139085571689,0.019248835246604576,4538,n2367_pose1668,v1
Southeast Asian,pooled,nose_tip_deviation_ratio,0.04456959534923695,0.26282993166995317,0.15368179231694917,0.11643543945801006,4538,n2367_pose1668,v1
Southeast Asian,pooled,nose_width_ratio,0.20892993474541655,0.233556335543995,0.22160897378676261,0.01487128449322156,4538,n2367_pose1668,v1
Southeast Asian,pooled,philtrum_ratio,0.06929777230099896,0.09551687630809233,0.08265870313111601,0.015557658820352049,4538,n2367_pose1668,v1
Southeast Asian,pooled,symmetry_error,0.025107479095458983,0.14308798362811406,0.08397172046898993,0.060462836759648864,4538,n2367_pose1668,v1
Southeast Asian,pooled,upper_lip_ratio,0.031217587080524495,0.04585994098220738,0.03865843175857316,0.008601348526695288,4538,n2367_pose1668,v1
White,female,beauty_score_raw,37.17338485717774,63.8346534729004,50.68682828580952,15.135765947881268,3285,n2367_pose1668,v1
White,female,brow_height_ratio,0.12707739938467189,0.15847286369811736,0.14331785947733602,0.018666081567709044,3285,n2367_pose1668,v1
White,female,brow_tilt_deg,-1.2229677717053147,1.2389530779242386,-0.0021439110404667385,1.6206398862084859,3285,n2367_pose1668,v1
White,female,cheekbone_width_ratio,0.9811553813497113,0.9953830471965651,0.9881173756305448,0.008415227073967385,3285,n2367_pose1668,v1
White,female,chin_width_ratio,0.3114530692526636,0.34222103930863096,0.327266173333642,0.01960349394466884,3285,n2367_pose1668,v1
White,female,eye_openness_ratio,0.24890142047824138,0.37882170226705325,0.3118628377262355,0.08410963422268036,3285,n2367_pose1668,v1
White,female,eye_size_ratio,0.17876261351106038,0.21057180490295943,0.19493023381369035,0.019166032554091206,3285,n2367_pose1668,v1
White,female,eye_spacing_ratio,1.1587346940935106,1.4045361713656634,1.2840649474341879,0.14971905329839155,3285,n2367_pose1668,v1
White,female,eye_tilt_deg,-0.7080342650559059,0.7630949924876843,0.0379782224704554,0.9854968645537288,3285,n2367_pose1668,v1
White,female,face_aspect_ratio,0.8047478386307279,0.8989685123597057,0.8530103388941717,0.058339272798102054,3285,n2367_pose1668,v1
White,female,jaw_angle_sharpness,104.5826522219381,114.12969759508569,109.29494921816554,5.889484978834874,3285,n2367_pose1668,v1
White,female,jaw_width_ratio,0.7844697372206338,0.8229230284221055,0.8036536487879237,0.023574847181657643,3285,n2367_pose1668,v1
White,female,lip_thickness_ratio,0.003868612125523699,0.08282411569850141,0.04857969792462247,0.03848611184774272,3285,n2367_pose1668,v1
White,female,lower_cheek_ratio,0.8772564826449837,0.9103565502622183,0.8934431430174592,0.020267832019674446,3285,n2367_pose1668,v1
White,female,lowerface_length_ratio,0.4526900054625177,0.5251283952782185,0.4890280849202384,0.04475368917169707,3285,n2367_pose1668,v1
White,female,midface_length_ratio,0.16592688409700468,0.23490517083140466,0.20027544798410934,0.04154293288030897,3285,n2367_pose1668,v1
White,female,mouth_corner_tilt_deg,-1.0251126323275936,1.3240432834082558,0.14584568679402302,1.5597388714158866,3285,n2367_pose1668,v1
White,female,mouth_width_ratio,0.3506218050453992,0.4636005877279789,0.4071853212321584,0.05817270965017323,3285,n2367_pose1668,v1
White,female,nose_length_ratio,0.15227655909691362,0.18745816146229255,0.17020603259707218,0.02095932564349361,3285,n2367_pose1668,v1
White,female,nose_tip_deviation_ratio,0.04725128043494751,0.2856445537875323,0.16807733787538875,0.12301605296075183,3285,n2367_pose1668,v1
White,female,nose_width_ratio,0.2036929470955234,0.22758090337057105,0.21601410686327427,0.014470549459014822,3285,n2367_pose1668,v1
White,female,philtrum_ratio,0.06804072061010913,0.0944157347378506,0.08111636376478283,0.015206686381901431,3285,n2367_pose1668,v1
White,female,symmetry_error,0.025361378490924836,0.14796403646469117,0.08789613987137253,0.06222275497669696,3285,n2367_pose1668,v1
White,female,upper_lip_ratio,0.025919780563287146,0.03968841215986642,0.032931262971504,0.008147531393441612,3285,n2367_pose1668,v1
White,male,beauty_score_raw,35.67015609741211,62.63183975219727,49.45066131147563,15.370026626728741,3203,n2367_pose1668,v1
White,male,brow_height_ratio,0.11838923942107955,0.15129137013005542,0.13485069993905618,0.019293683442806426,3203,n2367_pose1668,v1
White,male,brow_tilt_deg,-1.2743754746659897,1.1850616723641896,-0.07318490063350554,1.613256523597406,3203,n2367_pose1668,v1
White,male,cheekbone_width_ratio,0.9829806384951015,0.9973437800580873,0.9899210293291377,0.008783430078040338,3203,n2367_pose1668,v1
White,male,chin_width_ratio,0.3196748548727581,0.3523875402064778,0.3363985781264658,0.021331595792924096,3203,n2367_pose1668,v1
White,male,eye_openness_ratio,0.23469762848425865,0.37006039606149355,0.29958539134241113,0.08486315989433153,3203,n2367_pose1668,v1
White,male,eye_size_ratio,0.17561443370161772,0.2044409382611431,0.19025500216234473,0.018007416184006853,3203,n2367_pose1668,v1
White,male,eye_spacing_ratio,1.1772349898062644,1.406172933218812,1.2955545404318567,0.14424852347012498,3203,n2367_pose1668,v1
White,male,eye_tilt_deg,-0.795438121526151,0.7886562669242513,-0.01988669708183303,1.0592401006951802,3203,n2367_pose1668,v1
White,male,face_aspect_ratio,0.80390110087573,0.902897986289896,0.854791630489203,0.0619828438848772,3203,n2367_pose1668,v1
White,male,jaw_angle_sharpness,103.83771409121601,114.5785660731947,109.111715301111,6.356782976820711,3203,n2367_pose1668,v1
White,male,jaw_width_ratio,0.7910063150856639,0.8317524322231228,0.8115732126439407,0.025318430442387272,3203,n2367_pose1668,v1
White,male,lip_thickness_ratio,0.0023833909641683116,0.06915798995294578,0.03659077063063377,0.03558584246524246,3203,n2367_pose1668,v1
White,male,lower_cheek_ratio,0.8823111356023068,0.9180512952872576,0.9001835621331807,0.02195268913854437,3203,n2367_pose1668,v1
White,male,lowerface_length_ratio,0.45800361696925546,0.5351556304953433,0.49683620996573014,0.04548916487333599,3203,n2367_pose1668,v1
White,male,midface_length_ratio,0.16191203044969435,0.2335906292313165,0.1972163918370489,0.04284184536208409,3203,n2367_pose1668,v1
White,male,mouth_corner_tilt_deg,-1.1080881488478047,1.3647645512377495,0.12853326132109755,1.6871665180861894,3203,n2367_pose1668,v1
White,male,mouth_width_ratio,0.3347255263050437,0.4342863196975617,0.38419279917438687,0.05342904742316171,3203,n2367_pose1668,v1
White,male,nose_length_ratio,0.15223580876014114,0.18919025281212368,0.1707940637155515,0.021402847020474215,3203,n2367_pose1668,v1
White,male,nose_tip_deviation_ratio,0.04198895851307781,0.2768988573875349,0.1607483592153304,0.11965820586236557,3203,n2367_pose1668,v1
White,male,nose_width_ratio,0.20446141300605022,0.22980710005118543,0.21740593976862665,0.0159154945584374,3203,n2367_pose1668,v1
White,male,philtrum_ratio,0.0761818443513777,0.10247295913908684,0.08952681871561251,0.01534857102658615,3203,n2367_pose1668,v1
White,male,symmetry_error,0.023052264253298444,0.14772926767667136,0.08662668325899418,0.06324108381785816,3203,n2367_pose1668,v1
White,male,upper_lip_ratio,0.02476488409171249,0.03884624708581345,0.03202019340841587,0.008223577286496453,3203,n2367_pose1668,v1
White,pooled,beauty_score_raw,36.42177047729493,63.23324661254884,50.06874479864257,15.265863613461413,6488,n2367_pose1668,v1
White,pooled,brow_height_ratio,0.12273331940287571,0.15488211691408638,0.1390842797081961,0.01944884594528596,6488,n2367_pose1668,v1
White,pooled,brow_tilt_deg,-1.2486716231856523,1.2120073751442142,-0.03766440583698614,1.6173425213603674,6488,n2367_pose1668,v1
White,pooled,cheekbone_width_ratio,0.9820680099224064,0.9963634136273263,0.9890192024798412,0.00864844708531096,6488,n2367_pose1668,v1
White,pooled,chin_width_ratio,0.31556396206271087,0.34730428975755434,0.33183237573005386,0.02098850116803723,6488,n2367_pose1668,v1
White,pooled,eye_openness_ratio,0.24179952448125003,0.3744410491642734,0.30572411453432335,0.08470995904017947,6488,n2367_pose1668,v1
White,pooled,eye_size_ratio,0.17718852360633905,0.20750637158205126,0.19259261798801752,0.018742101496169113,6488,n2367_pose1668,v1
White,pooled,eye_spacing_ratio,1.1679848419498875,1.4053545522922377,1.2898097439330223,0.14712144102323024,6488,n2367_pose1668,v1
White,pooled,eye_tilt_deg,-0.7517361932910285,0.7758756297059678,0.009045762694311186,1.0234421907033544,6488,n2367_pose1668,v1
White,pooled,face_aspect_ratio,0.8043244697532289,0.9009332493248008,0.8539009846916874,0.06019522483777952,6488,n2367_pose1668,v1
White,pooled,jaw_angle_sharpness,104.21018315657706,114.35413183414019,109.20333225963827,6.128275061732281,6488,n2367_pose1668,v1
White,pooled,jaw_width_ratio,0.7877380261531488,0.8273377303226142,0.8076134307159322,0.02478059811161917,6488,n2367_pose1668,v1
White,pooled,lip_thickness_ratio,0.0031260015448460053,0.0759910528257236,0.042585234277628115,0.037545973006091415,6488,n2367_pose1668,v1
White,pooled,lower_cheek_ratio,0.8797838091236452,0.9142039227747379,0.8968133525753199,0.02139418379045236,6488,n2367_pose1668,v1
White,pooled,lowerface_length_ratio,0.4553468112158866,0.5301420128867809,0.4929321474429843,0.04529150154120181,6488,n2367_pose1668,v1
White,pooled,midface_length_ratio,0.1639194572733495,0.2342479000313606,0.1987459199105791,0.04222509857053048,6488,n2367_pose1668,v1
White,pooled,mouth_corner_tilt_deg,-1.0666003905876993,1.3444039173230027,0.13718947405756027,1.6247255255572643,6488,n2367_pose1668,v1
White,pooled,mouth_width_ratio,0.34267366567522145,0.44894345371277034,0.39568906020327266,0.057022168022087406,6488,n2367_pose1668,v1
White,pooled,nose_length_ratio,0.15225618392852738,0.1883242071372081,0.17050004815631184,0.021184287600837445,6488,n2367_pose1668,v1
White,pooled,nose_tip_deviation_ratio,0.04462011947401266,0.28127170558753356,0.1644128485453596,0.1214040618767398,6488,n2367_pose1668,v1
White,pooled,nose_width_ratio,0.20407718005078682,0.22869400171087823,0.21671002331595046,0.01522610206362185,6488,n2367_pose1668,v1
White,pooled,philtrum_ratio,0.07211128248074342,0.09844434693846872,0.08532159124019767,0.015845974560052035,6488,n2367_pose1668,v1
White,pooled,symmetry_error,0.02420682137211164,0.14784665207068126,0.08726141156518336,0.06273719661968002,6488,n2367_pose1668,v1
White,pooled,upper_lip_ratio,0.025342332327499818,0.039267329622839936,0.03247572818995993,0.008198308211713261,6488,n2367_pose1668,v1
global,female,beauty_score_raw,33.55849838256836,59.55500030517578,46.74301194033368,14.838367226133265,16906,n2367_pose1668,v1
global,female,brow_height_ratio,0.13340775836172603,0.1637921974030117,0.1486536613606029,0.017848570866090565,16906,n2367_pose1668,v1
global,female,brow_tilt_deg,-1.258416700467989,1.198735566907794,-0.0241081938612714,1.6241139221504224,16906,n2367_pose1668,v1
global,female,cheekbone_width_ratio,0.9817165768267012,0.9961334722510953,0.9888530442743908,0.008668902896295304,16906,n2367_pose1668,v1
global,female,chin_width_ratio,0.3072379649059261,0.3397290136252808,0.32394626073131555,0.020092762158178498,16906,n2367_pose1668,v1
global,female,eye_openness_ratio,0.25244884180320704,0.3821975269914332,0.31525250995820137,0.08333297382793592,16906,n2367_pose1668,v1
global,female,eye_size_ratio,0.17915803976528777,0.21158417811599978,0.1955948095955612,0.019517237588842117,16906,n2367_pose1668,v1
global,female,eye_spacing_ratio,1.1640581061753412,1.4157733198303584,1.2924391618132605,0.15155527889892068,16906,n2367_pose1668,v1
global,female,eye_tilt_deg,-0.6647524438886744,0.7478306122860197,0.033966307487047494,0.9642241899237263,16906,n2367_pose1668,v1
global,female,face_aspect_ratio,0.8157754934179806,0.9087943103603678,0.8630636047271606,0.05749931223617281,16906,n2367_pose1668,v1
global,female,jaw_angle_sharpness,103.68199287792531,112.94263837058605,108.24595565468243,5.712900480557314,16906,n2367_pose1668,v1
global,female,jaw_width_ratio,0.780421357026146,0.820529126457043,0.8005258131241166,0.024447786023405558,16906,n2367_pose1668,v1
global,female,lip_thickness_ratio,0.003216134690642013,0.07959566069312052,0.04400155536177106,0.03872289525040507,16906,n2367_pose1668,v1
global,female,lower_cheek_ratio,0.8752891818443578,0.9095430752715006,0.8922061241081537,0.020860034676203808,16906,n2367_pose1668,v1
global,female,lowerface_length_ratio,0.4475564338760818,0.5222245635961082,0.485137182554639,0.04526258302861065,16906,n2367_pose1668,v1
global,female,midface_length_ratio,0.1672021599506323,0.23548941301174056,0.2012273688541751,0.041144123914084695,16906,n2367_pose1668,v1
global,female,mouth_corner_tilt_deg,-1.1352778202665303,1.2059462914486605,0.025896137010531606,1.572503926234755,16906,n2367_pose1668,v1
global,female,mouth_width_ratio,0.34746014322298324,0.4532028555269839,0.4001154892505443,0.05646909842758839,16906,n2367_pose1668,v1
global,female,nose_length_ratio,0.1537270642434925,0.18873511592785086,0.17113769620519706,0.020588906222141025,16906,n2367_pose1668,v1
global,female,nose_tip_deviation_ratio,0.04450972796366087,0.275226512936661,0.16071779176920184,0.11919787687927086,16906,n2367_pose1668,v1
global,female,nose_width_ratio,0.20747430309965045,0.23357845089957777,0.22068157251598836,0.01582703932108896,16906,n2367_pose1668,v1
global,female,philtrum_ratio,0.06712061613735976,0.09333520406644863,0.08050299518539378,0.015246669214911567,16906,n2367_pose1668,v1
global,female,symmetry_error,0.024571495751539867,0.14537377655506134,0.08555987179311646,0.06124880326348555,16906,n2367_pose1668,v1
global,female,upper_lip_ratio,0.029146071743264276,0.043915885873593304,0.03673983415880976,0.008770514747287865,16906,n2367_pose1668,v1
global,male,beauty_score_raw,32.442542266845706,58.171854400634764,45.520735597032775,14.937644280253519,17994,n2367_pose1668,v1
global,male,brow_height_ratio,0.125579425068367,0.1590336712967048,0.14252509453428708,0.019618091019897435,17994,n2367_pose1668,v1
global,male,brow_tilt_deg,-1.2753597709223012,1.248220477249621,-0.009495818467000558,1.6445659761423022,17994,n2367_pose1668,v1
global,male,cheekbone_width_ratio,0.9822271013373686,0.9971534647618303,0.9895308536486624,0.009114508156638362,17994,n2367_pose1668,v1
global,male,chin_width_ratio,0.3154824495363706,0.3499257015097005,0.3330526142866943,0.021853911250323984,17994,n2367_pose1668,v1
global,male,eye_openness_ratio,0.23693119016663672,0.37098279428363734,0.3022632181925205,0.08473836249148384,17994,n2367_pose1668,v1
global,male,eye_size_ratio,0.1767324573937476,0.2074201158713653,0.19208557082194835,0.018707205369524756,17994,n2367_pose1668,v1
global,male,eye_spacing_ratio,1.1777501634984655,1.4178635097116354,1.3005920181726232,0.1455039900070716,17994,n2367_pose1668,v1
global,male,eye_tilt_deg,-0.7509488797266238,0.7783129705411486,0.011600558345501642,1.039054420135036,17994,n2367_pose1668,v1
global,male,face_aspect_ratio,0.8153253763019008,0.9132267699791853,0.8652605819291184,0.05948273188511906,17994,n2367_pose1668,v1
global,male,jaw_angle_sharpness,103.026141890736,113.21091707560174,108.00772253765419,6.114290202403524,17994,n2367_pose1668,v1
global,male,jaw_width_ratio,0.7858063117881877,0.829322493377481,0.8073339526569574,0.027191941241280132,17994,n2367_pose1668,v1
global,male,lip_thickness_ratio,0.0025690616196923366,0.06883511210512518,0.036136622326567926,0.03635415868790532,17994,n2367_pose1668,v1
global,male,lower_cheek_ratio,0.8788110133697843,0.9164637768045026,0.8973174983944824,0.023274696579100647,17994,n2367_pose1668,v1
global,male,lowerface_length_ratio,0.45415812548779566,0.5312245686336905,0.4928502033678156,0.045724404440618406,17994,n2367_pose1668,v1
global,male,midface_length_ratio,0.16190877408076806,0.23274715954885047,0.19703023527954494,0.04186739258103072,17994,n2367_pose1668,v1
global,male,mouth_corner_tilt_deg,-1.2194800262641268,1.249800939503079,0.001285203999571867,1.6480724639299935,17994,n2367_pose1668,v1
global,male,mouth_width_ratio,0.33796186805058814,0.4265558680295348,0.3823405962911164,0.05062667987161972,17994,n2367_pose1668,v1
global,male,nose_length_ratio,0.15374658029046256,0.18955609553797942,0.17156463856480114,0.020919550460325582,17994,n2367_pose1668,v1
global,male,nose_tip_deviation_ratio,0.04171650371771148,0.2690118852558279,0.15541070060722426,0.11760217724638865,17994,n2367_pose1668,v1
global,male,nose_width_ratio,0.20833232477380131,0.23571559950603654,0.22223065797450162,0.01670871430679735,17994,n2367_pose1668,v1
global,male,philtrum_ratio,0.07371552268306604,0.09973644733298236,0.08688690866357539,0.015208466522769734,17994,n2367_pose1668,v1
global,male,symmetry_error,0.02335321307182312,0.14614477753639224,0.08460318566120584,0.06224697363954557,17994,n2367_pose1668,v1
global,male,upper_lip_ratio,0.02831065085841862,0.04390980698309721,0.036378387338687215,0.00922442472165145,17994,n2367_pose1668,v1
global,pooled,beauty_score_raw,33.00052032470703,58.863427352905276,46.13187376868323,14.900626468552808,34900,n2367_pose1668,v1
global,pooled,brow_height_ratio,0.1294935917150465,0.16141293434985826,0.14558937794744498,0.0190029029742715,34900,n2367_pose1668,v1
global,pooled,brow_tilt_deg,-1.266888235695145,1.2234780220787074,-0.01680200616413598,1.6343882713059714,34900,n2367_pose1668,v1
global,pooled,cheekbone_width_ratio,0.9819718390820349,0.9966434685064628,0.9891919489615266,0.00890095076765952,34900,n2367_pose1668,v1
global,pooled,chin_width_ratio,0.3113602072211483,0.3448273575674906,0.3284994375090049,0.021479936750605125,34900,n2367_pose1668,v1
global,pooled,eye_openness_ratio,0.24469001598492188,0.37659016063753525,0.30875786407536093,0.08428919104794089,34900,n2367_pose1668,v1
global,pooled,eye_size_ratio,0.17794524857951768,0.20950214699368253,0.19384019020875476,0.019196867898462026,34900,n2367_pose1668,v1
global,pooled,eye_spacing_ratio,1.1709041348369034,1.4168184147709968,1.296515589992942,0.1486163655246532,34900,n2367_pose1668,v1
global,pooled,eye_tilt_deg,-0.7078506618076491,0.763071791413584,0.02278343291627457,1.0024002418703701,34900,n2367_pose1668,v1
global,pooled,face_aspect_ratio,0.8155504348599407,0.9110105401697766,0.8641620933281395,0.05850974130246431,34900,n2367_pose1668,v1
global,pooled,jaw_angle_sharpness,103.35406738433065,113.0767777230939,108.12683909616831,5.918198800690198,34900,n2367_pose1668,v1
global,pooled,jaw_width_ratio,0.7831138344071669,0.824925809917262,0.803929882890537,0.026079410383140916,34900,n2367_pose1668,v1
global,pooled,lip_thickness_ratio,0.002892598155167175,0.07421538639912284,0.040069088844169494,0.037762521475024416,34900,n2367_pose1668,v1
global,pooled,lower_cheek_ratio,0.877050097607071,0.9130034260380016,0.894761811251318,0.022247647303583574,34900,n2367_pose1668,v1
global,pooled,lowerface_length_ratio,0.4508572796819387,0.5267245661148994,0.4889936929612273,0.04565724438083904,34900,n2367_pose1668,v1
global,pooled,midface_length_ratio,0.16455546701570017,0.23411828628029552,0.19912880206686,0.04156035045156231,34900,n2367_pose1668,v1
global,pooled,mouth_corner_tilt_deg,-1.1773789232653287,1.2278736154758696,0.013590670505051737,1.6107784288038867,34900,n2367_pose1668,v1
global,pooled,mouth_width_ratio,0.3427110056367857,0.43987936177825937,0.39122804277083034,0.05435896063165534,34900,n2367_pose1668,v1
global,pooled,nose_length_ratio,0.15373682226697755,0.18914560573291514,0.17135116738499911,0.020755984568015935,34900,n2367_pose1668,v1
global,pooled,nose_tip_deviation_ratio,0.04311311584068618,0.2721191990962445,0.15806424618821305,0.11843244604819576,34900,n2367_pose1668,v1
global,pooled,nose_width_ratio,0.2079033139367259,0.23464702520280717,0.221456115245245,0.016292270258259793,34900,n2367_pose1668,v1
global,pooled,philtrum_ratio,0.07041806941021289,0.0965358256997155,0.08369495192448459,0.015558527433076537,34900,n2367_pose1668,v1
global,pooled,symmetry_error,0.023962354411681493,0.14575927704572678,0.08508152872716115,0.061751758082944225,34900,n2367_pose1668,v1
global,pooled,upper_lip_ratio,0.02872836130084145,0.043912846428345254,0.036559110748748486,0.009002145918604551,34900,n2367_pose1668,v1
