jawOpen,mouthSmileLeft,mouthSmileRight,mouthPucker,mouthPressLeft,mouthPressRight,mouthFunnel,browInnerUp,browDownLeft,browDownRight,browOuterUpLeft,browOuterUpRight,eyeBlinkLeft,eyeBlinkRight,eyeSquintLeft,eyeSquintRight,cheekPuff
0.000180895411176607,0.0028875090647488832,0.00298036215826869,0.05871807411313057,0.03294161707162857,0.03204886242747307,0.0013718080008402467,0.37437671422958374,0.0005327739054337144,0.0004964523832313716,0.5312870740890503,0.4026133418083191,0.028411250561475754,0.01625487580895424,0.06554142385721207,0.04492538049817085,5.392505045165308e-06
0.008257734589278698,0.7088758945465088,0.6612181663513184,0.04733366519212723,0.02415330521762371,0.025645937770605087,0.025446368381381035,0.4103241264820099,0.0034970815759152174,0.0035717429127544165,0.10109344869852066,0.12509098649024963,0.42865481972694397,0.4707956612110138,0.6172934770584106,0.31420525908470154,0.0003748457820620388
0.0030860695987939835,8.95580742508173e-05,9.925545600708574e-05,0.25679078698158264,0.036726925522089005,0.03163580968976021,0.0019645884167402983,0.2589479088783264,0.015261385589838028,0.018055154010653496,0.27416008710861206,0.1158253625035286,0.07607899606227875,0.02526034414768219,0.13405463099479675,0.2517049312591553,7.050528438412584e-06
0.001017860253341496,0.016854362562298775,0.010433288291096687,0.006716983858495951,0.10076513141393661,0.056772179901599884,0.0012063661124557257,0.017654871568083763,0.025623086839914322,0.05097055807709694,0.10689966380596161,0.036036308854818344,0.02244836464524269,0.05435563996434212,0.1576896756887436,0.3285517990589142,1.908893682411872e-05
0.04789913445711136,0.4659438729286194,0.372037798166275,0.0053426423110067844,0.1434103101491928,0.07116610556840897,0.0035822081845253706,0.2906115651130676,0.005621846299618483,0.007558675017207861,0.24452203512191772,0.19101177155971527,0.08808335661888123,0.0251400675624609,0.4333718717098236,0.30830246210098267,0.0003098950255662203
0.008032730780541897,0.00019480366609059274,0.00013349624350667,0.5946497917175293,0.010939458385109901,0.005802042782306671,0.1251317709684372,0.31954577565193176,0.02569742687046528,0.007862466387450695,0.08198109269142151,0.18822625279426575,0.031223516911268234,0.01181288156658411,0.13737277686595917,0.12820908427238464,4.085524778929539e-05
0.39529573917388916,0.001249993802048266,0.0006583663634955883,0.03457777202129364,0.006874213460832834,0.002617109566926956,0.0250278078019619,0.7861678600311279,3.8694222894264385e-05,3.9757349441060796e-05,0.7748682498931885,0.7910387516021729,0.00800132192671299,0.0056699966080486774,0.157184898853302,0.03804634511470795,0.0001581906108185649
0.0032561076804995537,0.01143933366984129,0.006327971816062927,0.049121350049972534,0.1073007881641388,0.012491152621805668,0.002577920677140355,0.006116020958870649,0.05661239102482796,0.08288803696632385,0.07375288754701614,0.04085024073719978,0.032471414655447006,0.009810155257582664,0.14539407193660736,0.0873456820845604,1.569709274917841e-05
0.0002962953585665673,0.031654804944992065,0.06943369656801224,0.014395665377378464,0.039502885192632675,0.07288924604654312,0.0010161340469494462,0.05840423330664635,0.038628239184617996,0.13643281161785126,0.08862654864788055,0.019591718912124634,0.11824943125247955,0.09189236909151077,0.3387369215488434,0.16064076125621796,7.51492098061135e-06
0.015716901049017906,0.8318445682525635,0.8528628349304199,0.0017292620614171028,0.057840608060359955,0.12046846747398376,0.011035150848329067,0.006534941960126162,0.16677266359329224,0.14202898740768433,0.0180821493268013,0.011963583528995514,0.27957916259765625,0.19495978951454163,0.4917328655719757,0.4238605797290802,0.0006734687485732138
0.011059140786528587,0.5093251466751099,0.5414721965789795,0.0014816435286775231,0.05744617432355881,0.10797931998968124,0.003076084889471531,0.24093323945999146,0.011430386453866959,0.015867387875914574,0.04759189113974571,0.03256263583898544,0.13984976708889008,0.11113979667425156,0.37759456038475037,0.4646090269088745,0.00022671694750897586
0.001684053335338831,0.050010453909635544,0.042141515761613846,2.688145832507871e-05,0.49677592515945435,0.6143783330917358,2.502453571651131e-05,0.0725184753537178,0.10360399633646011,0.10003265738487244,0.016537660732865334,0.044733550399541855,0.08385047316551208,0.05440102517604828,0.3574233055114746,0.09031528979539871,5.187849819776602e-05
0.01101729553192854,0.03188734129071236,0.06144441291689873,0.003931734245270491,0.0050093140453100204,0.03502180427312851,0.006921291351318359,0.00017301805200986564,0.5288004279136658,0.5273267030715942,0.0036899754777550697,0.002040873048827052,0.47762438654899597,0.44720521569252014,0.8046846389770508,0.5021989941596985,0.0003046548517886549
0.01797032542526722,4.1625909943832085e-05,2.4792414478724822e-05,0.001724473899230361,0.05043226480484009,0.1769750565290451,3.26711633533705e-05,0.03574957698583603,0.0303095243871212,0.015491054393351078,0.17824400961399078,0.1399448812007904,0.0774339959025383,0.06281305849552155,0.4751950204372406,0.22324620187282562,2.4301283701788634e-05
0.00416275579482317,0.24186496436595917,0.2538329064846039,0.0359516441822052,0.011954299174249172,0.013276218436658382,0.030235186219215393,0.015696391463279724,0.21929217875003815,0.164404034614563,0.017172599211335182,0.01369526144117117,0.2631676495075226,0.20105324685573578,0.4293617904186249,0.43142834305763245,0.00018876056128647178
0.0018153361743316054,0.14197112619876862,0.2546524107456207,0.0063081709668040276,0.005246346350759268,0.00843182485550642,0.007036539725959301,0.04567138850688934,0.038863591849803925,0.02754240110516548,0.10823912918567657,0.018465550616383553,0.15633763372898102,0.06106730177998543,0.65030437707901,0.12884870171546936,8.452595648122951e-05
0.14735938608646393,0.9233511686325073,0.8970417976379395,0.002865343354642391,0.15135519206523895,0.19494132697582245,0.010176441632211208,0.036727674305438995,0.039158567786216736,0.052721623331308365,0.05133930966258049,0.04952890798449516,0.1657889038324356,0.13787391781806946,0.5095728635787964,0.5247765183448792,0.0010400330647826195
0.005108932964503765,0.00045828931615687907,0.0003792811476159841,0.0034251315519213676,0.10263898968696594,0.05693996697664261,0.00013028761895839125,0.0013837941223755479,0.557766318321228,0.5449320077896118,0.00459042564034462,0.004103012382984161,0.06107349693775177,0.02820676378905773,0.11766074597835541,0.10852853208780289,1.9930865164496936e-05
0.007182211149483919,0.5372880697250366,0.48146089911460876,0.04573529586195946,0.004506031051278114,0.0038125270511955023,0.025184866040945053,0.0043640355579555035,0.23192504048347473,0.2580382823944092,0.013889234513044357,0.02029452472925186,0.6560006737709045,0.5676153302192688,0.6619827747344971,0.683360755443573,0.0002151288208551705
0.05208991840481758,0.9596444368362427,0.9194153547286987,0.0013787425123155117,0.1686345338821411,0.06522245705127716,0.006420816294848919,0.0024168509989976883,0.5179928541183472,0.39722612500190735,0.012285600416362286,0.011884979903697968,0.13606296479701996,0.02632782980799675,0.40012770891189575,0.5228486061096191,0.0007126483251340687
0.00016460241749882698,0.19008667767047882,0.31043604016304016,0.0021459320560097694,0.0485333614051342,0.3078250586986542,0.0003697700740303844,0.02511448785662651,0.01660456508398056,0.06178426742553711,0.2439613938331604,0.051072511821985245,0.07247903198003769,0.09413371235132217,0.41915252804756165,0.12320997565984726,1.2487932508520316e-05
0.0058654965832829475,0.0012656678445637226,0.0014131347415968776,0.0097553301602602,0.0957927480340004,0.04555296525359154,0.002654213458299637,0.014458108693361282,0.029986664652824402,0.009149554185569286,0.10471582412719727,0.18614524602890015,0.05715961754322052,0.015013555064797401,0.1022292748093605,0.029146412387490273,2.9055909180897288e-05
0.024231603369116783,0.09158188849687576,0.034279096871614456,0.008358734659850597,0.11434759199619293,0.014819460920989513,0.004108643624931574,0.02032245136797428,0.06588687747716904,0.033329132944345474,0.02553464286029339,0.0547054298222065,0.2857920229434967,0.18100430071353912,0.48721903562545776,0.45355212688446045,6.1028345953673124e-05
0.05903692916035652,0.0004724883765447885,0.0005978711415082216,0.017216619104146957,0.013950548134744167,0.03925345093011856,0.0007402858464047313,0.05605216324329376,0.007403086870908737,0.010112239979207516,0.20749281346797943,0.08769465237855911,0.021815549582242966,0.022624626755714417,0.288077712059021,0.2636139988899231,2.0665554984589107e-05
0.043158240616321564,0.6884835958480835,0.6585891246795654,0.00702483206987381,0.07941319793462753,0.06394832581281662,0.01489210594445467,0.02619684860110283,0.05196157097816467,0.07508202642202377,0.08770418167114258,0.05057895928621292,0.22561290860176086,0.2033139020204544,0.5267788171768188,0.365878164768219,0.0011009747395291924
0.00013742722512688488,0.007685403805226088,0.008782395161688328,0.005310005974024534,0.031558807939291,0.015389859676361084,0.08049750328063965,0.04703574627637863,0.03510884568095207,0.0074857803992927074,0.2787063419818878,0.06722589582204819,0.021599194034934044,0.17636188864707947,0.605804443359375,0.07465265691280365,0.00011098518734797835
0.007659681607037783,0.026129789650440216,0.020968852564692497,0.0046378206461668015,0.01764816604554653,0.01366277877241373,0.007043993566185236,0.005442769266664982,0.2871760129928589,0.2983616292476654,0.0033696298487484455,0.001368832541629672,0.36899468302726746,0.12114683538675308,0.2870025932788849,0.32760316133499146,8.075759251369163e-05
0.0010116486810147762,0.0065125515684485435,0.003925714176148176,0.6232089996337891,0.021722419187426567,0.021315746009349823,0.027375182136893272,0.008544153533875942,0.9083471298217773,0.5364768505096436,0.004093388561159372,0.0013791292440146208,0.8874579668045044,0.9056945443153381,0.11800556629896164,0.012227378785610199,9.493699326412752e-05
0.019678674638271332,0.0003688159922603518,0.0009045631741173565,0.04714534804224968,0.022053448483347893,0.14753933250904083,0.000624540844000876,0.1538929045200348,0.0016444253269582987,0.004029661417007446,0.5715491771697998,0.29144033789634705,0.5220571160316467,0.635491132736206,0.6673412322998047,0.41235411167144775,1.5889983842498623e-05
0.006773917004466057,0.8015239834785461,0.7271468043327332,0.02144661918282509,0.007997727021574974,0.014209696091711521,0.02362138032913208,0.005444384645670652,0.062234003096818924,0.005667214747518301,0.07018840312957764,0.29940447211265564,0.16399288177490234,0.07219021767377853,0.542999267578125,0.20285803079605103,0.0003850058710668236
3.629421189543791e-05,0.008370944298803806,0.014452606439590454,0.06401871889829636,0.07617267966270447,0.06785744428634644,0.007960504852235317,0.1911722719669342,0.0007639981340616941,0.11479413509368896,0.7504249811172485,0.032829686999320984,0.10143556445837021,0.11776022613048553,0.28570911288261414,0.3840029239654541,1.4559102964994963e-05
0.00017747687525115907,0.18990693986415863,0.23481829464435577,0.04617304354906082,0.00830908864736557,0.014986388385295868,0.00601089047268033,0.007690040860325098,0.14970849454402924,0.1598302572965622,0.011869488283991814,0.007222272921353579,0.10464883595705032,0.10248410701751709,0.44145721197128296,0.1633942872285843,1.2433521078492049e-05
0.00026196843828074634,0.12446333467960358,0.1065414547920227,0.0005632438114844263,0.14019928872585297,0.2156822681427002,0.00017738621681928635,0.015515675768256187,0.01106865145266056,0.04077949747443199,0.31974872946739197,0.016877789050340652,0.26173487305641174,0.5874359607696533,0.5113844871520996,0.1600734144449234,1.6156134734046645e-05
0.04635966941714287,0.5712910890579224,0.5291759967803955,0.0003992458514403552,0.13093256950378418,0.16039805114269257,0.0014101415872573853,0.014319729059934616,0.11033760756254196,0.04461594671010971,0.02629794366657734,0.03166980668902397,0.17355158925056458,0.17080730199813843,0.6961216926574707,0.5000095367431641,0.0009750183089636266
5.673603300238028e-05,0.0075922016985714436,0.005421806592494249,0.0017129038460552692,0.055705465376377106,0.018378624692559242,0.004063057713210583,0.2972201406955719,0.10698600858449936,0.013605590909719467,0.03386935591697693,0.01591756008565426,0.1888526976108551,0.5383609533309937,0.7761121988296509,0.13999874889850616,3.3710370189510286e-05
0.0016594603657722473,0.0007099568611010909,0.00149131054058671,0.012720606289803982,0.028229670599102974,0.32386597990989685,0.00021842106070835143,0.0950600728392601,0.00467381626367569,0.005269278772175312,0.44833728671073914,0.10163900256156921,0.0068656993098556995,0.0031507518142461777,0.0968305766582489,0.012581595219671726,5.122675702295965e-06
0.001072381972335279,0.5773826241493225,0.6091151237487793,0.00324558699503541,0.059088096022605896,0.10102026909589767,0.00022244604770094156,0.020485147833824158,0.10944733023643494,0.0650392398238182,0.027569051831960678,0.03960271179676056,0.06506476551294327,0.040022172033786774,0.6300894021987915,0.2204175591468811,6.804364966228604e-05
0.10632098466157913,0.8878437876701355,0.8155165910720825,0.022437497973442078,0.016503123566508293,0.014546527527272701,0.040174033492803574,0.07956908643245697,0.0035183876752853394,0.0026267722714692354,0.47829383611679077,0.40390366315841675,0.07805933803319931,0.0252449419349432,0.2116125077009201,0.18971842527389526,0.0004643044085241854
0.0019407349172979593,0.5855425596237183,0.31025204062461853,0.00234209350310266,0.30793213844299316,0.060925066471099854,0.00016934987797867507,0.002635018900036812,0.5350870490074158,0.36112165451049805,0.0008256469154730439,0.005076134577393532,0.10599710047245026,0.04238651320338249,0.46106067299842834,0.20153579115867615,3.0228809919208288e-05
0.13053928315639496,1.0273649877490243e-06,4.728123712993693e-06,0.7973929047584534,0.0006623678491450846,0.0386841855943203,0.00835003238171339,0.8461255431175232,0.0001711202785372734,5.238313679001294e-05,0.7220514416694641,0.7804557085037231,0.015217512845993042,0.014409303665161133,0.16287776827812195,0.11623673141002655,1.2854379747295752e-05
0.2071913480758667,5.098003157399944e-07,4.38795211721299e-07,0.9703711271286011,0.000683122081682086,0.003075928660109639,0.062379367649555206,0.5311064720153809,0.00036397643270902336,0.0007510461146011949,0.4309822618961334,0.2749093472957611,0.5244081020355225,0.5875421166419983,0.5175783038139343,0.3971300423145294,2.535790736146737e-05
0.010957215912640095,0.2850304841995239,0.6389631032943726,0.0004244449664838612,0.008380314335227013,0.05222650617361069,0.005275338422507048,0.0021633408032357693,0.41716307401657104,0.45616328716278076,0.004395008087158203,0.0006254548789002001,0.1095556989312172,0.2130117416381836,0.44529300928115845,0.2098805159330368,0.00047762226313352585
0.009222588501870632,0.2510344982147217,0.2183283120393753,0.0069887228310108185,0.028797859326004982,0.03701774403452873,0.023522816598415375,0.010268724523484707,0.22504228353500366,0.21258389949798584,0.009578741155564785,0.006953494623303413,0.28439703583717346,0.22250357270240784,0.27361375093460083,0.2242288887500763,0.0002952362410724163
0.00131368194706738,0.00023011893790680915,0.00021243518858682364,0.011366406455636024,0.05014540255069733,0.05990288779139519,0.0003630072169471532,0.012415006756782532,0.1851300150156021,0.1597885638475418,0.005559907760471106,0.0034212847240269184,0.023616595193743706,0.009628035128116608,0.1280854493379593,0.038501445204019547,3.826356532954378e-06
0.006187692750245333,0.0002482073614373803,0.00019834715931210667,0.15822649002075195,0.00546512845903635,0.006054956465959549,0.002791333943605423,0.001479442697018385,0.40565893054008484,0.3370470702648163,0.005455413367599249,0.008946030400693417,0.12381727993488312,0.13845373690128326,0.42779478430747986,0.31443968415260315,1.2774992683262099e-05
0.005808162968605757,0.007828371599316597,0.0040285722352564335,0.00044145045103505254,0.2949151396751404,0.16083857417106628,7.193184137577191e-05,0.000299752049613744,0.20406976342201233,0.263753741979599,0.01863887533545494,0.009385472163558006,0.20354455709457397,0.21300283074378967,0.5490785837173462,0.6427294015884399,4.401684054755606e-05
0.0010849600657820702,3.230889706173912e-05,5.401536327553913e-05,0.38788875937461853,0.011942095123231411,0.00862068124115467,0.0017874866025522351,0.5460085868835449,0.0015175886219367385,0.002783607691526413,0.48092949390411377,0.18350724875926971,0.028425002470612526,0.010976765304803848,0.09313854575157166,0.11896112561225891,2.9235688998596743e-06
0.0002478689420968294,0.7898893356323242,0.8970642685890198,0.0040283240377902985,0.04204431548714638,0.1326531171798706,0.009223822504281998,0.5537393093109131,0.001099233515560627,0.0021796072833240032,0.5261896848678589,0.11732826381921768,0.07757814973592758,0.03380048647522926,0.18618759512901306,0.06472424417734146,0.00021004526934120804
7.3579121817601845e-06,0.008466389030218124,0.006734965834766626,0.011382165364921093,0.031758878380060196,0.02172107808291912,0.002905398840084672,0.6347413659095764,0.004070454742759466,0.0005025204154662788,0.28350481390953064,0.08293084800243378,0.34857073426246643,0.27658548951148987,0.3447791635990143,0.1640237271785736,1.449620322091505e-05
0.005858185701072216,0.0005247078952379525,0.0006351776537485421,0.13072694838047028,0.00531036639586091,0.012230228632688522,0.022135484963655472,0.3716944754123688,0.0007953312015160918,0.0046060881577432156,0.39783450961112976,0.083938829600811,0.01292430516332388,0.01539677008986473,0.024852076545357704,0.038584303110837936,2.4665538148838095e-05
0.0005498133832588792,0.43689826130867004,0.8203771710395813,0.004285264760255814,0.011010902002453804,0.06216126307845116,0.00925427582114935,0.6067311763763428,0.0002875989011954516,0.001668731914833188,0.6731269359588623,0.0224619098007679,0.15489546954631805,0.2953123450279236,0.43881547451019287,0.20694312453269958,0.00016899548063520342
0.004792036954313517,0.1580445021390915,0.4721985161304474,0.00157430418767035,0.0210404172539711,0.15526871383190155,0.0012754179770126939,0.0027730653528124094,0.11473499983549118,0.5784474015235901,0.011255195364356041,0.0006490586674772203,0.4847422242164612,0.6770651936531067,0.6663461923599243,0.6289421319961548,7.459413609467447e-05
0.0028204903937876225,1.056935616361443e-06,6.014973905621446e-07,0.8279833197593689,0.018460921943187714,0.003274116665124893,0.003191695548593998,0.554709792137146,0.0022456389851868153,0.0008948215399868786,0.24722810089588165,0.5279628038406372,0.23629482090473175,0.08954688906669617,0.18933185935020447,0.3320401608943939,4.691996764449868e-06
0.001159093459136784,0.0001966838608495891,0.0006503922049887478,0.00721972668543458,0.006883444730192423,0.19499698281288147,0.00023124240397009999,0.053586144000291824,0.017013613134622574,0.010655145160853863,0.13498303294181824,0.03666727617383003,0.19294069707393646,0.3856550455093384,0.34614798426628113,0.14405439794063568,3.7001570944994455e-06
0.028852147981524467,0.6614072322845459,0.8291022777557373,0.0017787698889151216,0.018357230350375175,0.0775037631392479,0.006739525590091944,0.003255988471210003,0.10708869993686676,0.23518459498882294,0.03354524448513985,0.011628405191004276,0.08088679611682892,0.10161148756742477,0.5143591165542603,0.4073854088783264,0.0006910013034939766
1.3778510947304312e-05,0.05188584327697754,0.026863424107432365,0.6834480166435242,0.0071437768638134,0.017792243510484695,0.006263586692512035,0.20190468430519104,0.002848152769729495,0.002102249301970005,0.3382732570171356,0.1496547907590866,0.11469519883394241,0.05591756850481033,0.24202920496463776,0.24454529583454132,2.6977245397574734e-06
0.01332998275756836,0.5135800242424011,0.3066374957561493,0.017631547525525093,0.06144460663199425,0.018243679776787758,0.025116993114352226,0.6501324772834778,0.000826425792183727,0.00032673872192390263,0.4279947876930237,0.6696103811264038,0.6295868158340454,0.25959712266921997,0.19875304400920868,0.515680193901062,0.00010807418584590778
0.11252496391534805,0.720613420009613,0.7071857452392578,0.00592444371432066,0.023972095921635628,0.04227849841117859,0.02003704197704792,0.007990270853042603,0.3305898606777191,0.22628730535507202,0.002102325204759836,0.004398047458380461,0.4098931550979614,0.293397456407547,0.6494603157043457,0.5944188833236694,0.0005348544800654054
0.030289538204669952,0.7186489105224609,0.6814843416213989,0.002834885148331523,0.01769578829407692,0.03137867897748947,0.0053938948549330235,0.08605312556028366,0.07728495448827744,0.028308650478720665,0.010412204079329967,0.04415956884622574,0.3312942683696747,0.190806046128273,0.7739922404289246,0.5657731294631958,0.0006934613920748234
0.002332699950784445,0.7657908797264099,0.714529812335968,0.015134303830564022,0.029543165117502213,0.02628900855779648,0.012983414344489574,0.01168119627982378,0.06158217787742615,0.06945347785949707,0.017120709642767906,0.01653440296649933,0.17536363005638123,0.14219672977924347,0.497061163187027,0.434478759765625,9.088712249649689e-05
0.0030344289261847734,4.010998600278981e-05,4.4745418563252315e-05,0.0938633531332016,0.03356112912297249,0.05562407895922661,0.0008004385745152831,0.20255781710147858,0.027844449505209923,0.016153424978256226,0.061733078211545944,0.059985365718603134,0.009033311158418655,0.007919537834823132,0.04463985562324524,0.049648795276880264,4.483198154048296e-06
0.0023270584642887115,0.0805785283446312,0.06322553753852844,0.00290847010910511,0.14967851340770721,0.08719293028116226,0.0029205642640590668,0.19629338383674622,0.02999868616461754,0.037902604788541794,0.06526650488376617,0.048961035907268524,0.014442911371588707,0.008021106012165546,0.07268234342336655,0.039254166185855865,6.646752444794402e-05
0.24076558649539948,0.0011849276488646865,0.001977335661649704,0.0026470895390957594,0.004834089893847704,0.022514957934617996,0.007152592297643423,0.6036497950553894,0.0012527424842119217,0.0009259925573132932,0.11200150102376938,0.06778386980295181,0.07853531092405319,0.040007058531045914,0.3718637228012085,0.2184048742055893,8.406968845520169e-05
0.03630674630403519,0.033274296671152115,0.01233390998095274,0.06793186813592911,0.012430673465132713,0.0016650286270305514,0.22950142621994019,0.39953628182411194,0.0008077018428593874,0.007699165493249893,0.4053364396095276,0.13054706156253815,0.0761207714676857,0.09569858014583588,0.0898449569940567,0.13829882442951202,0.00015411233471240848
0.0024239812046289444,2.1275493054417893e-05,8.031102879613172e-06,0.1363336145877838,0.012978184968233109,0.008932597003877163,0.0005561665166169405,0.41216304898262024,0.0020886054262518883,0.003944046795368195,0.13152778148651123,0.04770500212907791,0.22863361239433289,0.15167121589183807,0.41348499059677124,0.493509441614151,5.843728558829753e-06
0.015948504209518433,0.9153697490692139,0.9272266626358032,0.028547443449497223,0.056838423013687134,0.09403886646032333,0.05573365092277527,0.0040933131240308285,0.3580770194530487,0.3082859218120575,0.008666923269629478,0.01385975070297718,0.06538957357406616,0.03428036719560623,0.327313095331192,0.15437157452106476,0.00031170545844361186
0.007347478996962309,0.17437273263931274,0.047769151628017426,0.009188534691929817,0.23598743975162506,0.014804326929152012,0.0035443503875285387,0.14702598750591278,0.003901773365214467,0.0041732280515134335,0.3261323571205139,0.323293000459671,0.06842972338199615,0.020928431302309036,0.20367644727230072,0.24920856952667236,6.979864701861516e-05
0.40167123079299927,9.172269346890971e-05,0.0001721951412037015,0.10103980451822281,0.002720896154642105,0.018638305366039276,0.05032192915678024,0.1267542690038681,0.0019425182836130261,0.0026329520624130964,0.5109097361564636,0.23790553212165833,0.004400258883833885,0.0017199961002916098,0.05427650362253189,0.005530538968741894,5.6417826272081584e-05
0.10561314225196838,8.572864089728682e-07,4.0199046225097845e-07,0.9184525609016418,0.000533966114744544,0.001577735529281199,0.09824343770742416,0.5948789119720459,0.0008349872659891844,0.0011285814689472318,0.479549378156662,0.3257729411125183,0.001172940363176167,0.0016545831458643079,0.041216183453798294,0.0014079100219532847,7.092546729836613e-05
0.00043091701809316874,0.8171893954277039,0.8460288047790527,0.0010595673229545355,0.09841783344745636,0.18470323085784912,0.00014119077241048217,0.014481678605079651,0.062411099672317505,0.12469866871833801,0.020049456506967545,0.006049116142094135,0.03599586337804794,0.04343518987298012,0.20629438757896423,0.17084220051765442,2.8435029889806174e-05
0.08501148968935013,0.9541873931884766,0.9263417720794678,0.007858460769057274,0.09381390362977982,0.041195496916770935,0.026900209486484528,0.24361830949783325,0.01678611896932125,0.008547191508114338,0.19307656586170197,0.1553295999765396,0.1351684331893921,0.03617009148001671,0.26432251930236816,0.3116075098514557,0.00042383867548778653
0.004585119429975748,2.016182634179131e-06,2.5124757030425826e-06,0.854927659034729,0.0032625547610223293,0.004160723183304071,0.005285897757858038,0.07784807682037354,0.025389954447746277,0.024913614615797997,0.12102150171995163,0.09921883791685104,0.018383508548140526,0.017716454342007637,0.18705733120441437,0.07373775541782379,4.094797532161465e-06
0.0810471847653389,0.8288847804069519,0.7411497235298157,0.06374572217464447,0.019885728135704994,0.018007930368185043,0.088249571621418,0.5794979333877563,0.0007218950777314603,0.00041799736209213734,0.5918822288513184,0.5996198654174805,0.33794334530830383,0.04429672658443451,0.14755988121032715,0.18038398027420044,0.00033050766796804965
0.017110591754317284,0.00010475333692738786,1.2906376468890812e-05,0.006147332489490509,0.03462207317352295,0.003437155159190297,0.0001493098388891667,0.22423672676086426,0.006950407288968563,0.0035067845601588488,0.37900757789611816,0.144608274102211,0.06878714263439178,0.24338412284851074,0.5076344609260559,0.3141753077507019,6.62926904624328e-05
0.0011080432450398803,0.2110469937324524,0.3542482554912567,0.0009200054919347167,0.047606535255908966,0.07959450781345367,0.000545985996723175,0.004667797591537237,0.06597661226987839,0.2813864052295685,0.029906077310442924,0.0029614304658025503,0.19175222516059875,0.12762819230556488,0.5078853964805603,0.43309804797172546,8.261075709015131e-05
0.7804558277130127,0.2855500280857086,0.6115089654922485,0.0016630919417366385,0.001404101261869073,0.009496122598648071,0.03391243517398834,0.01654098741710186,0.2959098517894745,0.14696383476257324,0.011536737903952599,0.0027094280812889338,0.22201155126094818,0.11346639692783356,0.5869341492652893,0.3739410638809204,0.0015121750766411424
0.006483734585344791,0.92099928855896,0.917410671710968,0.015919525176286697,0.02067289873957634,0.026293335482478142,0.03998653590679169,0.013057462871074677,0.3097330927848816,0.15956199169158936,0.005970199592411518,0.02206837199628353,0.32621172070503235,0.2078353613615036,0.5518913269042969,0.4154461920261383,0.00017367575492244214
0.033023081719875336,0.05837041884660721,0.07588145136833191,0.0033644281793385744,0.02290935069322586,0.13665138185024261,0.007376030553132296,0.5264472961425781,0.00026782939676195383,0.00012811296619474888,0.6151391267776489,0.2552240490913391,0.026890872046351433,0.03800491243600845,0.11669813841581345,0.05679591745138168,0.0005140155553817749
0.0026722727343440056,1.888757287815679e-05,1.6335839973180555e-05,0.3447801172733307,0.005210767034441233,0.014776797965168953,0.0016190622700378299,0.0013871454866603017,0.2056702971458435,0.15573646128177643,0.016680525615811348,0.034478072077035904,0.12045085430145264,0.05040763318538666,0.36105164885520935,0.171518474817276,5.94248786001117e-06
0.005084148142486811,0.8271028995513916,0.8899301886558533,0.0002149420470232144,0.23734812438488007,0.29480868577957153,0.00017380662029609084,0.009330824948847294,0.14940807223320007,0.12696146965026855,0.034479737281799316,0.03768052160739899,0.13992008566856384,0.12192016839981079,0.5251935720443726,0.29886871576309204,0.00039817116339690983
0.015366164036095142,2.101229711115593e-06,9.77386548584036e-07,0.9361523985862732,0.0009185777744278312,0.0005749886040575802,0.19046150147914886,0.26236024498939514,0.005354949273169041,0.0025957098696380854,0.1407722681760788,0.12099233269691467,0.0731656551361084,0.059053316712379456,0.11101900041103363,0.06034567579627037,1.0140701306227129e-05
0.22084356844425201,0.8788479566574097,0.8924685120582581,0.011950554326176643,0.0546514056622982,0.12453179806470871,0.059102077037096024,0.004695581272244453,0.017579220235347748,0.07142984122037888,0.17565032839775085,0.06191999092698097,0.12014200538396835,0.1394694447517395,0.46748852729797363,0.3611219525337219,0.0007792914402671158
0.0001964190450962633,0.008455959148705006,0.006055980920791626,0.08110807090997696,0.05646759644150734,0.018073655664920807,0.00606072461232543,0.3309311270713806,0.007657699286937714,0.001978073501959443,0.016041859984397888,0.640302300453186,0.5380598902702332,0.12505285441875458,0.38921433687210083,0.6794912815093994,5.1038673518633004e-06
0.0001793623378034681,0.00017053894407581538,0.000295236794045195,0.1769186407327652,0.008586389943957329,0.026522723957896233,0.0031921749468892813,0.0953001007437706,0.029085397720336914,0.055601272732019424,0.19757027924060822,0.16764841973781586,0.03485789895057678,0.008783457800745964,0.05905236676335335,0.3476969003677368,9.391420462634414e-06
0.10797081887722015,0.7973235845565796,0.8795731067657471,0.0035648932680487633,0.03076907806098461,0.08524302393198013,0.011460389941930771,0.050711218267679214,0.0616106316447258,0.024606358259916306,0.04397830739617348,0.12464733421802521,0.08920350670814514,0.05381862446665764,0.5156192779541016,0.15333852171897888,0.0018426347523927689
0.0021071704104542732,0.0003374412772245705,0.0016385448398068547,0.02247776836156845,0.003667391836643219,0.2097509801387787,0.0007603245321661234,0.005021524149924517,0.2759709656238556,0.23159989714622498,0.019349362701177597,0.0427686870098114,0.016614971682429314,0.017149385064840317,0.304313063621521,0.08766404539346695,1.3724100426770747e-05
0.004458129405975342,0.8431200981140137,0.8747965097427368,0.0027721200603991747,0.04491017013788223,0.1565859019756317,0.01225221250206232,0.017557715997099876,0.26839834451675415,0.23573635518550873,0.012385906651616096,0.005744434893131256,0.29800477623939514,0.23378807306289673,0.42721137404441833,0.49526503682136536,0.0006993995048105717
0.0001360277965432033,2.821386260620784e-05,3.37823003064841e-05,0.37802624702453613,0.00640198914334178,0.005062950309365988,0.022030126303434372,0.1306338608264923,0.016056213527917862,0.03635074570775032,0.029454819858074188,0.10096205770969391,0.2533731460571289,0.13429808616638184,0.4852299392223358,0.31706106662750244,6.929335540917236e-06
0.0022950265556573868,0.1527237445116043,0.1374397724866867,0.016691988334059715,0.09975825250148773,0.052841778844594955,0.003399403765797615,0.0016273761866614223,0.21584995090961456,0.24978309869766235,0.02295064553618431,0.01247476413846016,0.10546408593654633,0.04119417816400528,0.45759138464927673,0.4227498471736908,2.3315353246289305e-05
0.08225127309560776,0.7994997501373291,0.8765688538551331,0.0017876405036076903,0.04231451824307442,0.18145057559013367,0.010227703489363194,0.0035492070019245148,0.11772798746824265,0.06768922507762909,0.04206167161464691,0.034483928233385086,0.18681640923023224,0.2360013872385025,0.7141579389572144,0.6352885961532593,0.0013644893188029528
0.002024149987846613,0.016136934980750084,0.01082802563905716,0.0008329822449013591,0.06924637407064438,0.07999720424413681,9.63687343755737e-05,0.048617325723171234,0.009573702700436115,0.01728644222021103,0.10838164389133453,0.07609812170267105,0.30150702595710754,0.2491978257894516,0.4054975211620331,0.5350190997123718,2.098361619573552e-05
0.047649286687374115,0.9133079648017883,0.9299655556678772,0.0034572756849229336,0.06117002293467522,0.20231735706329346,0.020105842500925064,0.01904185116291046,0.08481395244598389,0.07351283729076385,0.0389278419315815,0.020489240065217018,0.04682193323969841,0.03163409233093262,0.3835364878177643,0.19526970386505127,0.0009528519585728645
0.013699222356081009,0.3958664536476135,0.3940383791923523,0.005897970870137215,0.021982911974191666,0.02001078426837921,0.016291813924908638,0.12580659985542297,0.021583152934908867,0.032626498490571976,0.056426361203193665,0.061303768306970596,0.45722702145576477,0.48825037479400635,0.49386852979660034,0.4127556085586548,0.0006517190486192703
0.17515087127685547,0.8591964840888977,0.8781856298446655,0.019121713936328888,0.04416723549365997,0.07949231564998627,0.07590435445308685,0.20569263398647308,0.009265495464205742,0.020837262272834778,0.14007927477359772,0.05981800705194473,0.3679652810096741,0.32405412197113037,0.4298361539840698,0.5434881448745728,0.0006957842269912362
0.0008774833986535668,0.01284294854849577,0.000999498413875699,0.04737786203622818,0.17359289526939392,0.0019354544347152114,0.0015048026107251644,0.036346666514873505,0.01869230531156063,0.0051905084401369095,0.17331969738006592,0.44621631503105164,0.11876319348812103,0.07361739873886108,0.24011336266994476,0.521213173866272,2.635141026985366e-05
0.0004807610239367932,0.00043712827027775347,0.0001710767246549949,0.44507837295532227,0.02490260824561119,0.001675468753091991,0.08982939273118973,0.5801887512207031,0.004057024605572224,0.004527580458670855,0.02972768060863018,0.18807724118232727,0.1509590744972229,0.052988484501838684,0.29968416690826416,0.18665359914302826,1.1230524251004681e-05
0.044089674949645996,0.6050609350204468,0.5390548706054688,0.0045616645365953445,0.01902947574853897,0.02052558958530426,0.006576640531420708,0.016159921884536743,0.2018362134695053,0.15800869464874268,0.0032133092172443867,0.006622719578444958,0.233494371175766,0.1985926777124405,0.6122292280197144,0.6544032096862793,0.0004920217324979603
0.001204202533699572,0.008443187922239304,0.001447987975552678,0.013080193661153316,0.10533108562231064,0.0017630183137953281,0.0003995790029875934,0.17105732858181,0.04893384128808975,0.025066694244742393,0.01124545093625784,0.0675864890217781,0.1659414917230606,0.04604605957865715,0.4606555104255676,0.515031099319458,1.5091363820829429e-05
0.00046426922199316323,0.4267004728317261,0.5268891453742981,0.06264976412057877,0.015186132863163948,0.0326513908803463,0.0012645701644942164,0.5682692527770996,0.00022622289543505758,0.0008119933190755546,0.5233993530273438,0.15261507034301758,0.051286257803440094,0.08125287294387817,0.17354267835617065,0.3363416790962219,1.2765018254867755e-05
0.0386415533721447,2.4166249204427004e-05,9.166750714939553e-06,0.08188889920711517,0.12684567272663116,0.023605531081557274,0.0006494496483355761,0.0009028533822856843,0.19703517854213715,0.15801985561847687,0.009542727842926979,0.015295498073101044,0.0711868554353714,0.048141516745090485,0.5990811586380005,0.3011382818222046,1.9145487385685556e-05
0.03670743107795715,3.634083259385079e-05,2.919208782259375e-05,0.305721640586853,0.002156616188585758,0.008355795405805111,0.02692408859729767,0.000651542330160737,0.10291130095720291,0.0854840874671936,0.04864754155278206,0.03808579966425896,0.03215084224939346,0.010860176756978035,0.28355011343955994,0.1224084421992302,2.3580239940201864e-05
0.01886829547584057,0.0339120514690876,0.007869481109082699,0.02039332687854767,0.049213383346796036,0.0049498602747917175,0.01054428517818451,0.00017736725567374378,0.4862561821937561,0.12375826388597488,0.005770346615463495,0.04308628290891647,0.6084966659545898,0.3869287371635437,0.6837114095687866,0.5696619749069214,5.611278902506456e-05
0.005032056011259556,0.029733045026659966,0.03084922768175602,0.0010970107978209853,0.11814209073781967,0.1577765792608261,0.0004323948232922703,0.0027244240045547485,0.05311738699674606,0.06412975490093231,0.06890322268009186,0.01944582164287567,0.024742985144257545,0.03555898740887642,0.551287055015564,0.515687108039856,6.0447062423918396e-05
0.006439649499952793,0.9280197620391846,0.8136759996414185,0.004366584587842226,0.0515495166182518,0.010529414750635624,0.008142535574734211,0.016478830948472023,0.20567549765110016,0.13227961957454681,0.025623485445976257,0.04983648657798767,0.15443456172943115,0.04268918186426163,0.4714019000530243,0.37818005681037903,0.00043937633745372295
7.045090751489624e-05,0.10190888494253159,0.10505892336368561,0.03013783134520054,0.06828628480434418,0.022028109058737755,0.0025314497761428356,0.15702182054519653,0.016166122630238533,0.021748973056674004,0.11538510769605637,0.11763335764408112,0.12079599499702454,0.020746389403939247,0.09565720707178116,0.10360845178365707,6.927710273885168e-06
0.021192125976085663,0.9773467779159546,0.9623336791992188,0.001991815632209182,0.19138088822364807,0.1648465096950531,0.006896930746734142,0.0006160287302918732,0.6966160535812378,0.41279417276382446,0.0006071354728192091,0.008068723604083061,0.19484463334083557,0.16098086535930634,0.5764117240905762,0.2808249890804291,0.0009986208751797676
0.1292162388563156,0.9621758460998535,0.9579794406890869,0.004983250517398119,0.1024952083826065,0.09487604349851608,0.028048338368535042,0.06094801798462868,0.009443084709346294,0.011816565878689289,0.3478226959705353,0.15323428809642792,0.27649977803230286,0.0797736644744873,0.346253365278244,0.6536407470703125,0.000520529632922262
0.09699475765228271,0.4125206172466278,0.23491120338439941,0.0012577369343489408,0.07796546071767807,0.02042251080274582,0.006165654864162207,0.4694139361381531,0.0019710881169885397,0.0016641373513266444,0.23410625755786896,0.25534898042678833,0.23791725933551788,0.06710484623908997,0.28352090716362,0.577481746673584,0.00025208096485584974
0.0072413040325045586,3.4616947232279927e-05,2.031337862717919e-05,0.0049727740697562695,0.027094870805740356,0.07737075537443161,0.0001587830192875117,0.5410189628601074,0.0001463246444473043,0.0004340603481978178,0.7602263689041138,0.19511081278324127,0.024867309257388115,0.05487651750445366,0.33123061060905457,0.10272818803787231,1.67159887496382e-05
0.006595490034669638,5.1626170716190245e-06,2.7277524168312084e-06,0.7971562743186951,0.011254951357841492,0.002259510802105069,0.0039620124734938145,0.2959173321723938,0.003991639707237482,0.002024985384196043,0.2806326150894165,0.2747270166873932,0.03672132268548012,0.007772122044116259,0.09453625977039337,0.05540040507912636,4.547609933069907e-06
0.0007200649124570191,0.18121430277824402,0.08945613354444504,0.0064953770488500595,0.08992103487253189,0.017668113112449646,0.0054269409738481045,0.01576964184641838,0.18008442223072052,0.24261875450611115,0.02104487642645836,0.027185630053281784,0.22169840335845947,0.03611251339316368,0.20340131223201752,0.5597322583198547,0.00011527121387189254
0.0009345404105260968,0.00080418138531968,0.0006110918475314975,0.12115529179573059,0.026596674695611,0.009231694974005222,0.001942627364769578,0.0015181221533566713,0.12067145854234695,0.06973927468061447,0.053694624453783035,0.0914565846323967,0.13503751158714294,0.06808296591043472,0.3300062119960785,0.3904525935649872,7.510930117859971e-06
0.01357982587069273,0.9063694477081299,0.921725869178772,0.011115148663520813,0.04203023761510849,0.08723235130310059,0.015228558331727982,5.612429595203139e-05,0.8864092826843262,0.828281044960022,9.98562973109074e-05,0.00020434086036402732,0.35464388132095337,0.27226927876472473,0.7974463105201721,0.564455509185791,0.00030769730801694095
0.002666665241122246,0.7192793488502502,0.4954581558704376,0.005445556715130806,0.062375206500291824,0.017843900248408318,0.0006752936751581728,0.0002749192644841969,0.37781384587287903,0.3802250027656555,0.005965834017843008,0.01233207993209362,0.24540452659130096,0.08906051516532898,0.5677399635314941,0.48855242133140564,9.765867434907705e-05
0.3038157522678375,0.9440293908119202,0.8830535411834717,0.001471847528591752,0.06359659135341644,0.04035254940390587,0.011758417822420597,0.0012299376539885998,0.3416150212287903,0.32839342951774597,0.005673121195286512,0.010254770517349243,0.11298374831676483,0.10625719279050827,0.5329940915107727,0.41538918018341064,0.001609673723578453
0.0002467103477101773,0.0040412116795778275,0.002729309955611825,0.06790394335985184,0.060592588037252426,0.007229583337903023,0.0030887394677847624,0.40126025676727295,0.001076941261999309,0.002956771058961749,0.3514917492866516,0.3597065508365631,0.07741528749465942,0.03568077087402344,0.19825512170791626,0.1601189374923706,1.289081592403818e-05
0.0009331061155535281,0.3650136888027191,0.3619534373283386,3.400889181648381e-05,0.296973317861557,0.3720013201236725,3.5107452276861295e-05,0.002332339296117425,0.2331608384847641,0.4663578271865845,0.009500576183199883,0.0012050815857946873,0.2846769392490387,0.39487743377685547,0.39182475209236145,0.29946309328079224,6.035466867615469e-05
0.00012798474926967174,0.5664048194885254,0.2994404733181,0.016649901866912842,0.05134836956858635,0.021183889359235764,0.0003956832515541464,0.04573037102818489,0.0002800734364427626,0.0002200786111643538,0.82209312915802,0.6770269870758057,0.4133867919445038,0.1753188818693161,0.5868443250656128,0.43432125449180603,2.0282541299820878e-05
8.027740841498598e-05,0.40584471821784973,0.5397661924362183,0.09529226273298264,0.004696942865848541,0.014046835713088512,0.004964299034327269,0.013711887411773205,0.068677619099617,0.0396575927734375,0.11519299447536469,0.11715593189001083,0.07366180419921875,0.0933356061577797,0.23030906915664673,0.13576439023017883,1.1111982530565001e-05
0.0020118935499340296,0.00011333041038597003,0.00017953944916371256,0.037282977253198624,0.002626820933073759,0.028124632313847542,0.0011809573043137789,0.2749391496181488,0.0012269597500562668,0.00164290820248425,0.5695011615753174,0.014680004678666592,0.21118544042110443,0.21975456178188324,0.4091300070285797,0.3433835506439209,1.1288151654298417e-05
0.0014581498689949512,0.8004699349403381,0.6685389280319214,0.010435533709824085,0.025891350582242012,0.0090034119784832,0.0015866000903770328,0.014517148956656456,0.09874238818883896,0.11022111773490906,0.030192287638783455,0.031072236597537994,0.23532068729400635,0.16886933147907257,0.528791069984436,0.5277785062789917,5.0119011575588956e-05
0.0035587800666689873,0.72193843126297,0.5037111639976501,0.0032720291055738926,0.060164567083120346,0.008273394778370857,0.0038546770811080933,0.014438032172620296,0.02843155339360237,0.10061915963888168,0.055759333074092865,0.04595165327191353,0.33144310116767883,0.08759750425815582,0.31383568048477173,0.4421263039112091,0.0003391682403162122
0.0034886389039456844,5.599290943791857e-06,4.422558049554937e-06,0.8168081045150757,0.0028140335343778133,0.005155610851943493,0.004966245032846928,0.09288566559553146,0.0021369766909629107,0.002663517137989402,0.4643923044204712,0.26632097363471985,0.028601933270692825,0.016459135338664055,0.12494673579931259,0.08558624237775803,4.117665866942843e-06
0.00018087764328811318,0.08959037810564041,0.045389167964458466,0.014120057225227356,0.0390111580491066,0.007157609798014164,0.00036906468449160457,0.49996691942214966,0.005472010932862759,0.0005180696025490761,0.1149747297167778,0.3149130642414093,0.10782041400671005,0.11802198737859726,0.36858025193214417,0.15159733593463898,1.7386008039466105e-05
0.002096222247928381,0.8242610692977905,0.8084269165992737,0.0029575570952147245,0.08212137967348099,0.05598070099949837,0.0010061590000987053,0.00016444458742626011,0.7748227119445801,0.7424308061599731,0.0004167611477896571,0.0009309757733717561,0.18713782727718353,0.13960057497024536,0.7040770053863525,0.5723273754119873,0.00017908804875332862
0.00257571111433208,0.002569336211308837,0.0020161739084869623,0.004066435620188713,0.10291212052106857,0.14326374232769012,0.0002863570407498628,9.665357356425375e-05,0.3383882939815521,0.38904091715812683,0.008052097633481026,0.0037606675177812576,0.14895080029964447,0.09849494695663452,0.459360808134079,0.28780293464660645,1.1483859452710021e-05
0.00027184601640328765,0.013101626187562943,0.00966304074972868,0.01266755536198616,0.1987461894750595,0.08178021013736725,0.0018886449979618192,0.005282060708850622,0.12370102852582932,0.06698227673768997,0.004089240450412035,0.0973174124956131,0.4963914752006531,0.17719340324401855,0.5940296649932861,0.6670435070991516,7.814882337697782e-06
0.02314225398004055,0.7354929447174072,0.4295518696308136,0.004957627970725298,0.05911964923143387,0.015401706099510193,0.004136785864830017,0.5914819836616516,0.0006812551873736084,0.00031252167536877096,0.4133009910583496,0.580720067024231,0.0485079325735569,0.0025805016048252583,0.21779707074165344,0.05698598176240921,0.0005069362814538181
0.00044568508747033775,0.09406416863203049,0.06611655652523041,0.000365077139576897,0.7896274924278259,0.5273261070251465,2.7580712412600406e-05,0.10680639743804932,0.14180342853069305,0.07269402593374252,0.03675628826022148,0.043479014188051224,0.1899094581604004,0.09129515290260315,0.08953509479761124,0.15181587636470795,2.6801084459293634e-05
0.06683605164289474,2.8486083465395495e-05,1.1991987776127644e-05,0.05071921646595001,0.007070834748446941,0.007019429467618465,0.0011070049367845058,0.26228171586990356,0.001124502974562347,0.0005220663151703775,0.6672711372375488,0.642473042011261,0.10580140352249146,0.047553498297929764,0.19293105602264404,0.1729852706193924,4.0904291381593794e-05
0.013981987722218037,0.006566162221133709,0.013861431740224361,0.010793178342282772,0.009228512644767761,0.05485762655735016,0.016325052827596664,0.10892955958843231,0.015391681343317032,0.004226577002555132,0.15629728138446808,0.15329596400260925,0.018210968002676964,0.008959195576608181,0.08016329258680344,0.02442454732954502,9.171010606223717e-05
0.0016080760397017002,0.001371458056382835,0.0013291372451931238,0.001158720231615007,0.04301172494888306,0.1724921613931656,6.321761611616239e-05,0.11282859742641449,0.0023006650153547525,0.0019437501905485988,0.4342052638530731,0.17493563890457153,0.05231355503201485,0.02022762969136238,0.1999528557062149,0.053996048867702484,7.509003808081616e-06
0.07477623224258423,0.04176033288240433,0.03675103187561035,0.0012355089420452714,0.03537178039550781,0.04282904416322708,0.008479532785713673,0.00032887820270843804,0.34562546014785767,0.34593963623046875,0.005438150372356176,0.002285314491018653,0.4339439272880554,0.38664981722831726,0.5422849655151367,0.49200525879859924,0.0002047015877906233
0.004441718105226755,0.0001577312359586358,0.0001264877209905535,0.1168203353881836,0.02864396572113037,0.018526827916502953,0.0008961513522081077,0.001442821347154677,0.17468774318695068,0.2914451062679291,0.015838300809264183,0.010021548718214035,0.05421049892902374,0.04382540285587311,0.25775039196014404,0.1961592584848404,9.707987373985816e-06
0.002714768750593066,0.0006478652358055115,0.00037076041917316616,0.031563907861709595,0.02534106932580471,0.011357168667018414,0.003337049623951316,0.25052711367607117,0.01677544228732586,0.005651584826409817,0.09267805516719818,0.15081438422203064,0.02171623334288597,0.010300053283572197,0.12037818133831024,0.06273885071277618,1.5552601325907744e-05
0.022294575348496437,0.8446398973464966,0.9052212238311768,0.00039396638749167323,0.10617879778146744,0.3184014558792114,0.0027613977435976267,0.032250020653009415,0.00898792501538992,0.04640043526887894,0.3087904453277588,0.029376395046710968,0.14241555333137512,0.14120538532733917,0.549544632434845,0.4285264313220978,0.0006359363906085491
0.00017421875963918865,0.003980875015258789,0.0043376535177230835,0.05110049992799759,0.03887214884161949,0.00930958241224289,0.0005294312140904367,0.0074191321618855,0.1287861466407776,0.10916532576084137,0.041428450495004654,0.06630895286798477,0.0700874850153923,0.02671225741505623,0.17852547764778137,0.11707055568695068,5.52077926840866e-06
0.005307858809828758,0.00010340586595702916,8.538663678336889e-05,0.08266786485910416,0.008211580105125904,0.015167467296123505,0.0009197444305755198,0.02503717504441738,0.0152090759947896,0.015782970935106277,0.18594905734062195,0.11071717739105225,0.6926878690719604,0.5912302732467651,0.6429764032363892,0.5505626797676086,1.4635528714279644e-05
7.896534953033552e-05,0.04144079610705376,0.02878531813621521,0.0011695771245285869,0.05977664142847061,0.04579887166619301,0.001283316407352686,0.05597968399524689,0.008079546503722668,0.09304191172122955,0.3029837906360626,0.005670708604156971,0.03527636453509331,0.09317687153816223,0.43823590874671936,0.1824592649936676,7.562753307865933e-05
0.003738649422302842,0.633297324180603,0.5632768273353577,0.005177957005798817,0.050347477197647095,0.025862067937850952,0.0008639859734103084,0.007634829729795456,0.13102005422115326,0.12059982866048813,0.01010342687368393,0.019214900210499763,0.34474778175354004,0.23787620663642883,0.8585913181304932,0.8355106115341187,8.949967013904825e-05
0.35782933235168457,0.29384639859199524,0.35160312056541443,0.04135958477854729,0.018387919291853905,0.012796006165444851,0.1184978038072586,0.0020265833009034395,0.001089312369003892,0.05187598243355751,0.6675409078598022,0.02381603606045246,0.5108270645141602,0.6834317445755005,0.7703160643577576,0.47147631645202637,0.0002715393202379346
0.3911730647087097,0.5991764068603516,0.4528498351573944,0.024451347067952156,0.02011362835764885,0.016672182828187943,0.08374299108982086,0.10420247912406921,0.014587780460715294,0.018922876566648483,0.23421360552310944,0.19607046246528625,0.02942383661866188,0.004557554144412279,0.1179836243391037,0.042514506727457047,0.002453652210533619
0.07659974694252014,0.0008135274983942509,0.0013339765137061477,0.009123188443481922,0.00842970423400402,0.020912623032927513,0.015833506360650063,0.16936863958835602,0.00027893338119611144,0.1338551640510559,0.5350684523582458,0.005630310159176588,0.5640323162078857,0.7252336740493774,0.6595789194107056,0.49189257621765137,0.00011724400974344462
0.017612986266613007,0.00010550551087362692,5.761571446782909e-05,0.08016984909772873,0.036262158304452896,0.017536919564008713,0.0013571921736001968,0.00011679320596158504,0.27135178446769714,0.25396907329559326,0.009156457148492336,0.013587480410933495,0.018555032089352608,0.011103724129498005,0.22783797979354858,0.10697617381811142,1.2832760148739908e-05
0.0030684275552630424,0.0031608608551323414,0.005121940281242132,0.0006265455740503967,0.008861600421369076,0.0749099999666214,0.0006798973772674799,0.1380179524421692,0.0190033707767725,0.11218661814928055,0.02225598879158497,0.003113996936008334,0.3861218988895416,0.49411913752555847,0.575318455696106,0.3923994302749634,6.054784535081126e-05
0.13154442608356476,0.817814826965332,0.9276290535926819,0.004475767258554697,0.019556034356355667,0.09230684489011765,0.013217235915362835,0.007523593958467245,0.0958397164940834,0.195857971906662,0.09151585400104523,0.012344973161816597,0.15535582602024078,0.3927801549434662,0.39920759201049805,0.6999131441116333,0.0012887726770713925
0.05051956698298454,0.43263599276542664,0.4681045413017273,0.0045727575197815895,0.015968281775712967,0.042257484048604965,0.008762910962104797,0.03717537224292755,0.10032838582992554,0.1138264462351799,0.02629959024488926,0.009221774525940418,0.21290943026542664,0.16974754631519318,0.5229107141494751,0.5822412967681885,0.0009117515874095261
0.0003966438234783709,0.15387779474258423,0.11385580152273178,0.002694648690521717,0.14504316449165344,0.05662769824266434,0.00015834244550205767,0.0022551612928509712,0.030680375173687935,0.007487899158149958,0.1936224102973938,0.5905482172966003,0.6746271848678589,0.3344089984893799,0.5131182670593262,0.7337912321090698,2.256379411846865e-05
0.2540753483772278,4.309672760882677e-07,4.4054999648324156e-07,0.8923048973083496,0.0019475066801533103,0.005486016161739826,0.08048665523529053,0.20010125637054443,0.005990318953990936,0.0009627958643250167,0.17014449834823608,0.34530025720596313,0.05432654172182083,0.02984149008989334,0.1350332498550415,0.033863697201013565,5.740122287534177e-05
0.00021767595899291337,0.005472169723361731,0.0033032603096216917,0.013871760107576847,0.034433797001838684,0.025333354249596596,0.0038804584182798862,0.0022854458075016737,0.044565293937921524,0.4041338264942169,0.06108913943171501,0.00032462275703437626,0.28602322936058044,0.6601467728614807,0.5795378684997559,0.39548665285110474,4.400882244226523e-05
0.07507704198360443,0.15437257289886475,0.03537602350115776,0.06324904412031174,0.07399030774831772,0.0033998999278992414,0.09908422082662582,0.9057989120483398,0.0002220965689048171,9.865937317954376e-05,0.4254445433616638,0.6815719604492188,0.5931496024131775,0.27270498871803284,0.3270431458950043,0.4789033532142639,0.00012535450514405966
0.0035715189296752214,6.43551118173491e-07,6.267869139264803e-07,0.6666486263275146,0.0022686419542878866,0.01156963873654604,0.003044851589947939,9.945604688255116e-05,0.4676465690135956,0.5372993350028992,0.005846198182553053,0.0027202945202589035,0.050571464002132416,0.07009921967983246,0.46987199783325195,0.26147720217704773,6.554343144671293e-06
0.004129188600927591,0.6400099992752075,0.5310662984848022,0.0016643393319100142,0.1357763409614563,0.07752160727977753,0.0001068156270775944,0.0024344006087630987,0.16619746387004852,0.1420172154903412,0.010503364726901054,0.023380201309919357,0.1324022263288498,0.09969639778137207,0.5251100063323975,0.4669181704521179,4.039033956360072e-05
0.000215706808376126,0.727409839630127,0.7108503580093384,0.004707521293312311,0.02197149023413658,0.02045259065926075,0.001899667433463037,0.014447092078626156,0.1342407464981079,0.09726516157388687,0.027557527646422386,0.09328838437795639,0.1490362286567688,0.04693875089287758,0.2041120082139969,0.30966269969940186,8.065545262070373e-05
0.012413245625793934,0.015375379472970963,0.012950939126312733,0.012671551667153835,0.07777940481901169,0.03650561347603798,0.010484989732503891,0.6482052803039551,0.0007844640640541911,0.0003497551952023059,0.4151616394519806,0.3589145243167877,0.05142681300640106,0.023508604615926743,0.08317334204912186,0.15290740132331848,2.394706643826794e-05
0.05912673473358154,0.829981803894043,0.8295570611953735,0.00259668892249465,0.062135420739650726,0.09638277441263199,0.00484288576990366,0.1176125779747963,0.08684032410383224,0.016402533277869225,0.026341494172811508,0.05701199546456337,0.17956192791461945,0.2737424671649933,0.7706328630447388,0.4268551468849182,0.0013923674123361707
0.02663223259150982,0.4147622287273407,0.4521242678165436,0.0005541472928598523,0.06947813928127289,0.1554514318704605,0.0016414171550422907,0.2543491721153259,0.0025253284256905317,0.0013528205454349518,0.24750293791294098,0.19493959844112396,0.10478278994560242,0.04671533778309822,0.5095813274383545,0.3327011168003082,0.001338882721029222
0.09726547449827194,0.03126104548573494,0.1361866444349289,0.005006422754377127,0.00563879543915391,0.15313012897968292,0.01602732576429844,0.7394689917564392,0.00015597327728755772,0.00044934137258678675,0.5432242751121521,0.12115176767110825,0.04605558142066002,0.0934772789478302,0.30733779072761536,0.27098536491394043,0.0003175408928655088
0.0016369185177609324,0.8030306100845337,0.8676726818084717,0.00244074291549623,0.03573586419224739,0.06749554723501205,0.0008320964989252388,0.22611211240291595,0.004309406038373709,0.0030733284074813128,0.22422148287296295,0.13240651786327362,0.3990326523780823,0.2842442989349365,0.5606789588928223,0.28747129440307617,8.358296327060089e-05
0.008003214374184608,0.10258924216032028,0.10717611759901047,0.0017479255329817533,0.18294090032577515,0.09477663785219193,0.0020063749980181456,0.0326874703168869,0.032069072127342224,0.029200978577136993,0.072232186794281,0.12741629779338837,0.6376453042030334,0.40826648473739624,0.3250466585159302,0.5502979755401611,0.00010690702765714377
0.0009454668033868074,0.626712441444397,0.5353343486785889,0.0037611876614391804,0.14766070246696472,0.08542922884225845,0.0027531187515705824,0.6890382170677185,0.0008514535147696733,0.00029548208112828434,0.3296010196208954,0.4775997996330261,0.05795237794518471,0.011794764548540115,0.08482907712459564,0.06353598833084106,9.285027044825256e-05
0.011195194907486439,1.147117245636764e-07,7.10321899077826e-08,0.981519877910614,0.0008929443429224193,0.0014301668852567673,0.010698949918150902,0.7281724810600281,0.0013546152040362358,0.0003345706209074706,0.4566757082939148,0.500552773475647,0.0029794317670166492,0.0015849251067265868,0.005946645047515631,0.004322095308452845,3.4458166737749707e-06
0.001968052703887224,0.9082799553871155,0.9501655101776123,0.04319686070084572,0.01893208920955658,0.07259823381900787,0.1417357623577118,0.2484995722770691,0.003130698809400201,0.0017515352228656411,0.33183225989341736,0.18094313144683838,0.11670280247926712,0.07336156815290451,0.2108965367078781,0.19848284125328064,0.00018391692719887942
0.19900374114513397,0.04508709907531738,0.14949636161327362,0.003632488427683711,0.005995772313326597,0.05588917434215546,0.00984986126422882,0.0003498213773127645,0.112991102039814,0.3494741916656494,0.024420078843832016,0.004225993063300848,0.05491909757256508,0.23302672803401947,0.27561309933662415,0.8049676418304443,0.0011729056714102626
0.10044021904468536,0.5621117353439331,0.42686793208122253,0.015401158481836319,0.031317852437496185,0.01712809130549431,0.013354615308344364,0.0034727060701698065,0.16088859736919403,0.2310832291841507,0.03025856800377369,0.004880355205386877,0.15921767055988312,0.09667617827653885,0.579136848449707,0.3054516911506653,0.000820817076601088
0.10086478292942047,0.032232217490673065,0.08652786165475845,2.5849356461549178e-05,0.013347787782549858,0.03742732107639313,0.0008773558656685054,0.09060817211866379,0.04195472225546837,0.028671927750110626,0.08917033672332764,0.008272513747215271,0.4768458902835846,0.49658530950546265,0.5972316265106201,0.24781900644302368,0.0012348578311502934
0.0041778674349188805,0.4923619329929352,0.357843279838562,0.006509315222501755,0.079579658806324,0.02649841271340847,0.007528324145823717,0.5462125539779663,0.0003918751026503742,0.00021172038395889103,0.5735577940940857,0.795315146446228,0.6146819591522217,0.15686987340450287,0.341526061296463,0.5603752136230469,0.00011407625424908474
0.000319502578349784,0.7526549100875854,0.7642176747322083,0.008085755631327629,0.01987532526254654,0.031904835253953934,0.0012534729903563857,0.00762940151616931,0.11782286316156387,0.1409551203250885,0.010229152627289295,0.010122372768819332,0.40139979124069214,0.3026246428489685,0.5783442258834839,0.44686299562454224,4.136248753638938e-05
0.012812357395887375,1.9250080640631495e-07,1.4984975393872446e-07,0.996385395526886,0.0010180848184973001,0.00043363048462197185,0.05663013458251953,0.8325785994529724,0.00024020140699576586,8.726576197659597e-05,0.7034358978271484,0.8045386075973511,0.03871937841176987,0.012231835164129734,0.048884011805057526,0.12398838251829147,6.977476914471481e-06
0.2881316840648651,2.4535567717975937e-05,2.3137536118156277e-05,0.08019069582223892,0.0012913714163005352,0.004735277500003576,0.007091880310326815,0.4376734793186188,0.001888914848677814,0.002289777621626854,0.26028451323509216,0.18936291337013245,0.5794908404350281,0.5240806341171265,0.5651332139968872,0.4472552239894867,4.216253000777215e-05
0.06789670139551163,8.07314609119203e-06,6.963783562241588e-06,0.6383366584777832,0.002884093439206481,0.002938726218417287,0.021814890205860138,0.028066320344805717,0.03134739026427269,0.048821840435266495,0.2040925770998001,0.07005184143781662,0.02220228500664234,0.00897772517055273,0.20274466276168823,0.058955203741788864,1.896862158901058e-05
0.0010229030158370733,0.017641320824623108,0.010705550201237202,0.01207369938492775,0.1834065169095993,0.10060679167509079,0.0018973948899656534,0.06766683608293533,0.09387089312076569,0.008140040561556816,0.002550414064899087,0.37644484639167786,0.58321213722229,0.17562511563301086,0.6385432481765747,0.7512511014938354,2.3348460672423244e-05
0.0007035340531729162,0.7296099662780762,0.7832959294319153,0.00167089665774256,0.07338476181030273,0.13739770650863647,0.00022427411749958992,0.19075188040733337,0.001557462615892291,0.008205264806747437,0.5099684000015259,0.10020209103822708,0.09416927397251129,0.15222348272800446,0.3856724202632904,0.137458935379982,4.0262664697365835e-05
0.0032015887554734945,2.4056316760834306e-05,1.2718212019535713e-05,0.46213191747665405,0.0012437708210200071,0.003937486559152603,0.0069590117782354355,0.4881240129470825,0.000212822575122118,0.0002731002459768206,0.5631290674209595,0.2545236051082611,0.03020630218088627,0.019851336255669594,0.06418599933385849,0.12455804646015167,7.1663739618088584e-06
0.1688661277294159,0.7385297417640686,0.6480629444122314,0.0032991357147693634,0.05838626250624657,0.07654297351837158,0.008547252044081688,0.00022229974274523556,0.3229544162750244,0.3643966317176819,0.004759164061397314,0.008230016566812992,0.23839738965034485,0.1209915280342102,0.8140890598297119,0.6458451747894287,0.0009028516942635179
0.0005379797075875103,0.023376980796456337,0.017773462459445,0.0008232943946495652,0.39108970761299133,0.16362245380878448,0.0002155121328542009,0.006149354390799999,0.28281140327453613,0.20622789859771729,0.026457445695996284,0.0358034148812294,0.1489441841840744,0.04542144015431404,0.202717125415802,0.15675833821296692,8.259996684500948e-05
0.00017002408276312053,0.650016725063324,0.4730263352394104,0.13720595836639404,0.005890063941478729,0.0029647015035152435,0.0029159511905163527,0.8901509046554565,0.00011756139429053292,0.00010637184459483251,0.6146243810653687,0.643470048904419,0.2871197462081909,0.16377228498458862,0.30879342555999756,0.451337069272995,1.894300658022985e-05
0.00047960574738681316,0.006489209830760956,0.005215432494878769,0.114406056702137,0.01968841813504696,0.076693095266819,0.004636398516595364,0.4070005714893341,0.0002006331051234156,5.814064570586197e-05,0.7220204472541809,0.5832559466362,0.40578848123550415,0.2545015215873718,0.17982977628707886,0.16351115703582764,1.204825093736872e-05
1.1811906915681902e-05,0.0071712275967001915,0.004415038041770458,0.45307257771492004,0.033810410648584366,0.00863141380250454,0.03689225763082504,0.03980950266122818,0.04866323620080948,0.05075642466545105,0.004563839174807072,0.3023502826690674,0.5393995046615601,0.2121240198612213,0.5394812822341919,0.521000325679779,3.013339892277145e-06
0.17582307755947113,0.9872194528579712,0.9883626699447632,0.011287467554211617,0.14148424565792084,0.2084093540906906,0.1417412906885147,0.0048530311323702335,0.01292232796549797,0.008743664249777794,0.40655601024627686,0.3483622372150421,0.696218729019165,0.5777705907821655,0.6654108762741089,0.6860013604164124,0.0009628930711187422
0.000428983272286132,0.8445549607276917,0.8228456974029541,0.03636347874999046,0.03435438498854637,0.01964966207742691,0.003119202796369791,0.0014450374292209744,0.30865025520324707,0.45097020268440247,0.008625361137092113,0.003662311239168048,0.08017726242542267,0.04141014814376831,0.30909955501556396,0.30500638484954834,3.4144570236094296e-05
0.001932804356329143,0.02538308873772621,0.040854357182979584,0.0009468325297348201,0.141775444149971,0.2624408006668091,0.0002384291437920183,0.11544448882341385,0.009040010161697865,0.004139517899602652,0.15606626868247986,0.22042472660541534,0.09638708829879761,0.0482211671769619,0.2558024227619171,0.142413929104805,1.605667785042897e-05
0.0031941665802150965,0.0004674200317822397,0.0005801312508992851,0.02764093317091465,0.024655815213918686,0.052986230701208115,0.0011191064259037375,0.4645622670650482,0.00016333664825651795,0.00040522462222725153,0.7554540634155273,0.537222146987915,0.008099735714495182,0.003124728100374341,0.06330211460590363,0.029460115358233452,1.1635947885224596e-05
0.03134332224726677,0.28007903695106506,0.22890569269657135,0.0037860365118831396,0.06554653495550156,0.05441325530409813,0.006695099640637636,0.003632561070844531,0.2052585780620575,0.21956363320350647,0.01263712253421545,0.011140424758195877,0.18871095776557922,0.08697767555713654,0.5092818737030029,0.5199996829032898,0.0002161584998248145
0.002029244089499116,0.00035914586624130607,0.0007191374315880239,0.001991360681131482,0.003713695565238595,0.0458490252494812,0.0002963693696074188,0.08657294511795044,0.00023024513211566955,0.2226540595293045,0.7595745325088501,0.0011273184791207314,0.027182018384337425,0.3564460873603821,0.5174994468688965,0.12923219799995422,1.15240673039807e-05
0.19356361031532288,0.9712818264961243,0.9669957756996155,0.014261635020375252,0.07343338429927826,0.08607904613018036,0.08167177438735962,0.0043371571227908134,0.05866305157542229,0.036639899015426636,0.07360897213220596,0.0840224027633667,0.14904248714447021,0.15743017196655273,0.6122567653656006,0.5472248196601868,0.0005312692956067622
0.01721557229757309,0.005675629246979952,0.00435813469812274,0.002082815393805504,0.18845069408416748,0.10151335597038269,0.0003192510921508074,0.0006912413518875837,0.439681738615036,0.5099477767944336,0.0015527509385719895,0.0011126496829092503,0.2826460003852844,0.2061123251914978,0.6348036527633667,0.6997149586677551,3.145121445413679e-05
0.009988496080040932,1.3615987882076297e-05,2.392953319940716e-05,0.47073957324028015,0.0006110271788202226,0.006852355785667896,0.044589970260858536,0.5113692283630371,0.0004885034868493676,0.0026768718380481005,0.5573104619979858,0.10029657930135727,0.002608740236610174,0.0029057939536869526,0.004095799755305052,0.007395029067993164,9.26582288229838e-06
0.0027369328308850527,1.4151926734484732e-05,6.290352757787332e-06,0.4903848171234131,0.011678872630000114,0.0023368115071207285,0.0036692742723971605,0.6975994110107422,0.000261420791503042,0.000270003016339615,0.5931637287139893,0.5971330404281616,0.013463347218930721,0.006691979710012674,0.03014986403286457,0.059803660959005356,7.645028745173477e-06
0.001390116405673325,1.2450001122488175e-05,7.520943654526491e-06,0.7136731147766113,0.024946311488747597,0.002765739569440484,0.00985630415380001,0.021104736253619194,0.05654308944940567,0.03732921555638313,0.020452352240681648,0.18134118616580963,0.0944109633564949,0.013247414492070675,0.2803146243095398,0.10879821330308914,6.447100076911738e-06
8.226493810070679e-05,0.036844220012426376,0.09523411840200424,0.023661430925130844,0.04321428760886192,0.0457933209836483,0.0006075666751712561,0.07581824064254761,0.009859250858426094,0.09893317520618439,0.2863749563694,0.05024612322449684,0.09096311032772064,0.10331657528877258,0.1818174123764038,0.09262257069349289,4.094176802027505e-06
0.0002999593270942569,0.03770926967263222,0.04488987475633621,0.020331822335720062,0.14285200834274292,0.02668246440589428,0.0007831812254153192,0.0033104964531958103,0.3194383382797241,0.35086286067962646,0.004049947950989008,0.0061309146694839,0.3523693382740021,0.5205774307250977,0.39587658643722534,0.07314551621675491,7.882208592491224e-06
0.16333888471126556,1.5367790183518082e-05,8.301087291329168e-06,0.41510453820228577,0.006778701674193144,0.004543553572148085,0.02028135024011135,0.4658930003643036,0.012276483699679375,0.005827388726174831,0.027967950329184532,0.031120557337999344,0.22122332453727722,0.09427985548973083,0.26898565888404846,0.4745456278324127,1.8449698472977616e-05
0.11910997331142426,0.0023271525278687477,0.0012349295429885387,0.008046120405197144,0.032820530235767365,0.00271663349121809,0.007907635532319546,0.5593789219856262,0.009875588119029999,0.0013133903266862035,0.010914556682109833,0.22832445800304413,0.11250731348991394,0.01845729537308216,0.5963805913925171,0.2502950429916382,0.00011724299838533625
4.325246663938742e-06,0.02270733378827572,0.013150867074728012,0.07944377511739731,0.09814480692148209,0.06263767182826996,0.008636413142085075,0.20708395540714264,0.026833638548851013,0.1411229819059372,0.08525350689888,0.04777417704463005,0.17849846184253693,0.004676091484725475,0.06322777271270752,0.49089208245277405,1.9410235836403444e-06
0.015502462163567543,0.18062186241149902,0.11605231463909149,0.0684758648276329,0.06137846037745476,0.02199513092637062,0.007343518082052469,0.0002883995766751468,0.8463760614395142,0.8393474817276001,0.0002430464664939791,0.00038491247687488794,0.3013486862182617,0.1574411541223526,0.6798804402351379,0.4687773585319519,4.045657624374144e-05
2.9684631954296492e-05,0.0012150000547990203,0.0017397523624822497,0.014000611379742622,0.005740271881222725,0.02871408686041832,0.0021353992633521557,0.36819350719451904,0.012648950330913067,0.0035967575386166573,0.24317114055156708,0.04167722165584564,0.49744561314582825,0.2729966938495636,0.376435786485672,0.20046888291835785,1.0808361366798636e-05
0.004130863584578037,0.5651079416275024,0.476553738117218,0.0073981937021017075,0.024603480473160744,0.022551268339157104,0.009820869192481041,0.0007283792947418988,0.024875521659851074,0.035243920981884,0.17404522001743317,0.12577380239963531,0.12732696533203125,0.04083068296313286,0.3157349228858948,0.3653523623943329,0.00014367932453751564
0.0036715203896164894,1.2234442692715675e-05,3.2842344808159396e-05,0.0492355078458786,0.0010907734977081418,0.05861685797572136,0.0009734092163853347,0.007971527054905891,0.007790339179337025,0.1635075807571411,0.3604993224143982,0.014345812611281872,0.23918895423412323,0.5219835042953491,0.731212317943573,0.16755633056163788,3.548822633092641e-06
0.087088942527771,0.7384047508239746,0.8590540885925293,0.018779370933771133,0.010095098987221718,0.040281713008880615,0.060102276504039764,0.0059892539866268635,0.04590664431452751,0.054820023477077484,0.06833257526159286,0.024691592901945114,0.036417119204998016,0.04728957638144493,0.43806618452072144,0.33781298995018005,0.0003626241523306817
5.912860160606215e-06,0.014164846390485764,0.009965239092707634,0.09917403757572174,0.06670371443033218,0.0507577620446682,0.0028218720108270645,0.0763440728187561,0.06967005133628845,0.06748690456151962,0.023960931226611137,0.12105580419301987,0.5804511308670044,0.029363833367824554,0.13401150703430176,0.5087658166885376,3.1888084777165204e-06
0.0009863051818683743,0.31281670928001404,0.5276921987533569,0.011381275951862335,0.03650067001581192,0.14041553437709808,0.0008600865257903934,0.0001025622186716646,0.03607233241200447,0.16779226064682007,0.14264366030693054,0.012717648409307003,0.009945495054125786,0.014558780938386917,0.271287202835083,0.11412440240383148,2.022959233727306e-05
0.0003915021079592407,0.3263711929321289,0.24464119970798492,0.048990700393915176,0.040457576513290405,0.016942158341407776,0.003071717219427228,0.4675653576850891,0.0016751105431467295,0.002288996474817395,0.2758243978023529,0.26674458384513855,0.05623368173837662,0.011836124584078789,0.08754010498523712,0.11416435986757278,1.4657193787570577e-05
0.02587556466460228,0.9581260681152344,0.9568436741828918,0.00718124583363533,0.07088105380535126,0.08859981596469879,0.02937692403793335,0.08495377749204636,0.0808248370885849,0.06260453909635544,0.030745729804039,0.042617037892341614,0.38515621423721313,0.2590395510196686,0.5735408663749695,0.4210914075374603,0.0007244322332553566
0.0011650027008727193,0.10096325725317001,0.12140504270792007,0.0025358267594128847,0.03349561616778374,0.05200162157416344,0.001379443216137588,0.005167905241250992,0.2993674576282501,0.1576865017414093,0.010127739049494267,0.025939641520380974,0.21034540235996246,0.07306589186191559,0.2893282175064087,0.3699198365211487,2.3894097466836683e-05
0.007847556844353676,0.002419140888378024,0.0004878485342487693,0.023025894537568092,0.40987879037857056,0.00708323298022151,0.0003222287632524967,0.8642803430557251,0.00012237454939167947,0.00011017327778972685,0.5825554132461548,0.6242663264274597,0.5252195596694946,0.32094424962997437,0.25384455919265747,0.4207698106765747,2.957076685561333e-05
0.11386652290821075,0.0006920715677551925,0.0002056071098195389,0.003771398216485977,0.04692065343260765,0.013732156716287136,0.0017789560370147228,0.20281532406806946,0.04569345340132713,0.012434284202754498,0.02860247530043125,0.07750275731086731,0.07756882905960083,0.0160977840423584,0.35187095403671265,0.19023051857948303,0.0001060317808878608
0.0021578746382147074,0.5084532499313354,0.5241670608520508,0.05418900400400162,0.005191227421164513,0.0069000269286334515,0.026350291445851326,0.20656201243400574,0.0479419007897377,0.04295288398861885,0.03923880681395531,0.035039227455854416,0.09020320326089859,0.15484368801116943,0.3152517080307007,0.11198197305202484,6.384556763805449e-05
0.0074171582236886024,4.17401097365655e-05,0.00011854185140691698,0.03179047629237175,0.0031499762553721666,0.09103555977344513,0.0006204817909747362,0.3940460681915283,0.0017470420571044087,0.001502061728388071,0.31855785846710205,0.1977742612361908,0.1118389293551445,0.06289183348417282,0.331945538520813,0.18307624757289886,1.009678453556262e-05
0.0008945721201598644,6.95760827511549e-05,8.864460687618703e-05,0.2716732323169708,0.00652262894436717,0.005631570238620043,0.001425253227353096,0.06945614516735077,0.00789359025657177,0.006769414059817791,0.24120186269283295,0.15797671675682068,0.016731057316064835,0.005230656825006008,0.06638389825820923,0.06555549800395966,2.2487761270895135e-06
0.00017620383005123585,0.034474994987249374,0.023362116888165474,0.0027611246332526207,0.12612853944301605,0.03870732709765434,0.00018320369417779148,0.02561880275607109,0.12210127711296082,0.06444046646356583,0.0606694296002388,0.07870028913021088,0.07521934062242508,0.03965568169951439,0.14482904970645905,0.11519555002450943,5.496329777088249e-06
0.001299631898291409,0.5866366624832153,0.5047757029533386,0.007496961858123541,0.02992951311171055,0.033066414296627045,0.004771550185978413,0.07420021295547485,0.05420956015586853,0.04292508587241173,0.025714419782161713,0.027774594724178314,0.31245774030685425,0.27086731791496277,0.43960097432136536,0.4496830999851227,0.00011041528341593221
0.00433703139424324,6.191497232066467e-05,3.252219539717771e-05,0.0835898295044899,0.020869167521595955,0.012210645712912083,0.00045721264905296266,0.004314452409744263,0.20917581021785736,0.19262275099754333,0.010658472776412964,0.020447637885808945,0.29539263248443604,0.30873650312423706,0.5990334749221802,0.3388992249965668,1.284409790969221e-05
0.08237689733505249,0.00028386685880832374,0.00011533552606124431,0.13530512154102325,0.03003019094467163,0.004554503131657839,0.02280445396900177,0.00013964019308332354,0.7099168300628662,0.6852723956108093,0.0006082394393160939,0.0015245542163029313,0.32629483938217163,0.18184764683246613,0.7900975942611694,0.462096631526947,9.431627404410392e-05
0.01198421511799097,0.008999987505376339,0.004860714543610811,0.004207267425954342,0.22321252524852753,0.03243827074766159,0.0020849660504609346,0.01017811894416809,0.03662777319550514,0.04057544842362404,0.041592780500650406,0.05837589502334595,0.3216305673122406,0.3100784122943878,0.5964738726615906,0.46367818117141724,3.819289486273192e-05
0.00046423738240264356,0.0003071064711548388,0.00027826009318232536,0.02386561408638954,0.05217331647872925,0.048291582614183426,0.014104805886745453,0.6054109334945679,0.0007021499332040548,0.000942134705837816,0.17563199996948242,0.4791526198387146,0.3977791666984558,0.05120657756924629,0.3014885485172272,0.6481473445892334,1.5254889149218798e-05
0.0001805686770239845,0.12858499586582184,0.45402178168296814,0.03324996680021286,0.005010184366255999,0.07861477881669998,0.0019816302228718996,0.20592918992042542,0.0014900407986715436,0.0033492790535092354,0.5329934358596802,0.15621623396873474,0.018393125385046005,0.009481220506131649,0.1203882023692131,0.02507137320935726,1.0343940630264115e-05
0.0007486433605663478,0.031894516199827194,0.04563896730542183,0.00019746556063182652,0.055005040019750595,0.15198127925395966,6.197764014359564e-05,0.000705439131706953,0.2674669027328491,0.29175806045532227,0.018749581649899483,0.0014666575007140636,0.04098888114094734,0.0863562598824501,0.6622551679611206,0.20876231789588928,1.9612103642430156e-05
0.0019487770041450858,4.529932084551547e-06,4.563811216939939e-06,0.6722398996353149,0.0018371939659118652,0.009172728285193443,0.0050101797096431255,0.02466031350195408,0.04221745952963829,0.14284026622772217,0.07949525117874146,0.011036586947739124,0.005207675509154797,0.0024505206383764744,0.022606100887060165,0.018879961222410202,4.14355463362881e-06
0.0005647355574183166,0.0023689442314207554,0.0025899286847561598,0.1203225702047348,0.03567929193377495,0.004539188463240862,0.026948247104883194,0.19254717230796814,0.011719975620508194,0.02171904593706131,0.06407157331705093,0.07275781035423279,0.255593866109848,0.15450988709926605,0.21362940967082977,0.19325026869773865,6.048555405868683e-06
0.6122235059738159,0.562039852142334,0.2446439564228058,0.0039037810638546944,0.04485904797911644,0.019045429304242134,0.0065190489403903484,0.03325941786170006,0.37732046842575073,0.021672220900654793,0.00039985941839404404,0.07291209697723389,0.19408386945724487,0.04823841527104378,0.31717726588249207,0.46604251861572266,0.0012028664350509644
0.006154809612780809,4.460967829800211e-05,9.066612619790249e-06,0.8459250926971436,0.025765204802155495,0.000909344875253737,0.0056653073988854885,0.14129632711410522,0.03311435133218765,0.013724513351917267,0.08108390867710114,0.2625340223312378,0.5753922462463379,0.25925585627555847,0.3703863322734833,0.4390416145324707,9.722754839458503e-06
0.001503212028183043,0.16778887808322906,0.4298006594181061,0.0008564105373807251,0.018760161474347115,0.16333580017089844,0.003397522494196892,0.0058639561757445335,0.04389943182468414,0.06307727843523026,0.15898269414901733,0.030334921553730965,0.025132082402706146,0.003868438769131899,0.35405027866363525,0.01962515525519848,0.0001177597587229684
0.0004306295304559171,0.07986538112163544,0.030921777710318565,0.05249693617224693,0.07807201892137527,0.007017089519649744,0.0017782897921279073,0.002213328378275037,0.16476599872112274,0.18801091611385345,0.0592559278011322,0.030867600813508034,0.08132269978523254,0.018207844346761703,0.34583237767219543,0.14241112768650055,3.0964918551035225e-05
9.522131585981697e-05,0.0032935617491602898,0.006118068005889654,0.012821583077311516,0.01845104806125164,0.15887098014354706,0.000602535845246166,0.07882729917764664,0.011736413463950157,0.0049535296857357025,0.23156245052814484,0.1019914299249649,0.09199834614992142,0.07352815568447113,0.4940537214279175,0.02499419078230858,4.561635705613298e-06
0.017470266669988632,0.28926315903663635,0.17895525693893433,0.007302969228476286,0.04962429404258728,0.013742992654442787,0.007469628471881151,0.0025635273195803165,0.1864638775587082,0.18639540672302246,0.0076246196404099464,0.006498103495687246,0.06192602589726448,0.029675502330064774,0.38333165645599365,0.19050341844558716,8.973014337243512e-05
0.00012672481534536928,0.40641939640045166,0.38597220182418823,0.011354474350810051,0.0503825806081295,0.014299464412033558,0.0001892812579171732,0.0009319813107140362,0.5991334915161133,0.6577668190002441,0.002888666233047843,0.003831129753962159,0.24241754412651062,0.15245887637138367,0.2694075107574463,0.4652544856071472,6.126410880824551e-06
0.711274266242981,7.71647307828971e-07,2.461298720390914e-07,0.9225435853004456,0.0030385719146579504,0.003519949736073613,0.010476241819560528,0.8145824670791626,0.000661228783428669,1.4284672943176702e-05,0.7107260823249817,0.9403119683265686,0.005666553974151611,0.00017713048146106303,0.03170850872993469,0.032886333763599396,4.7018031182233244e-05
0.011556940153241158,0.00029159736004658043,0.00051378138596192,0.0023709635715931654,0.04019591584801674,0.39639851450920105,8.78188875503838e-05,0.01434191595762968,0.007869849912822247,0.06561796367168427,0.27638480067253113,0.00878196768462658,0.048544153571128845,0.20213641226291656,0.7053853273391724,0.14615146815776825,1.0016234227805398e-05
0.0015435429522767663,4.896897280559642e-06,7.388352059933823e-06,0.6865224838256836,0.01233107503503561,0.009833603166043758,0.009198445826768875,0.01379315834492445,0.06458494067192078,0.1398078352212906,0.028343843296170235,0.04025770351290703,0.23883086442947388,0.02506612427532673,0.37486863136291504,0.2827388346195221,5.438116659206571e-06
0.0009120404138229787,0.010289322584867477,0.005488160066306591,0.0007410403923131526,0.14445631206035614,0.0444648303091526,3.939248199458234e-05,0.04039401933550835,0.14392776787281036,0.07021085172891617,0.027192728593945503,0.03494637459516525,0.18658331036567688,0.2308633178472519,0.22936998307704926,0.2627142369747162,9.082848009711597e-06
0.0034678105730563402,0.001660361303947866,0.00018116866704076529,0.2552942931652069,0.1940704584121704,0.00154306017793715,0.005203548818826675,0.024832554161548615,0.10586393624544144,0.04436870664358139,0.06107059493660927,0.08067885786294937,0.01980242133140564,0.005637940019369125,0.14038203656673431,0.08621335029602051,1.4045923308003694e-05
0.01182557363063097,0.0006925133639015257,0.00022248143795877695,0.0014555527595803142,0.2776247262954712,0.04387315362691879,6.647005648119375e-05,0.0006444369209930301,0.711208701133728,0.6294816732406616,0.0003037372080143541,0.0005265471409074962,0.5036699771881104,0.39246174693107605,0.48785412311553955,0.6186308860778809,1.5354284187196754e-05
3.580276825232431e-05,0.004898665007203817,0.005065775476396084,0.19629406929016113,0.039411790668964386,0.016163766384124756,0.19155752658843994,0.1210445687174797,0.013723242096602917,0.20177634060382843,0.06142416596412659,0.021799283102154732,0.13745997846126556,0.06315100938081741,0.1654486060142517,0.643110990524292,9.587422027834691e-06
