sample_id,image_path,split,suggestion_ids,priority_order,label_method,annotator_id,num_non_ok_features,primary_feature,quality_score,reviewed,reviewer_notes
lfw_02554,data/raw/images/lfw_02554.jpg,train,SUG_MIDFACE_LOW_01|SUG_LOWERFACE_HIGH_01|SUG_CHIN_LONG_01|SUG_BROW_LOW_01,SUG_MIDFACE_LOW_01|SUG_LOWERFACE_HIGH_01|SUG_CHIN_LONG_01|SUG_BROW_LOW_01,rules_v1,rules_v1,11,nose_width_ratio,0.5576495203982988,,
lfw_02935,data/raw/images/lfw_02935.jpg,train,SUG_SYM_HIGH_01|SUG_NOSE_DEV_HIGH_01|SUG_MIDFACE_HIGH_01|SUG_LOWERFACE_LOW_01,SUG_SYM_HIGH_01|SUG_NOSE_DEV_HIGH_01|SUG_MIDFACE_HIGH_01|SUG_LOWERFACE_LOW_01,rules_v1,rules_v1,16,upper_lip_ratio,0.6295487537654456,,
lfw_01196,data/raw/images/lfw_01196.jpg,val,SUG_SYM_HIGH_01|SUG_NOSE_DEV_HIGH_01|SUG_EYE_SIZE_LOW_01|SUG_EYE_TILT_HIGH_01,SUG_SYM_HIGH_01|SUG_NOSE_DEV_HIGH_01|SUG_EYE_SIZE_LOW_01|SUG_EYE_TILT_HIGH_01,rules_v1,rules_v1,8,nose_tip_deviation_ratio,0.42615209323209313,,
lfw_00876,data/raw/images/lfw_00876.jpg,val,SUG_FACE_ASPECT_LOW_01|SUG_JAW_ANGLE_HIGH_01|SUG_EYE_CLOSE_01|SUG_BROW_TILT_HIGH_01,SUG_FACE_ASPECT_LOW_01|SUG_JAW_ANGLE_HIGH_01|SUG_EYE_CLOSE_01|SUG_BROW_TILT_HIGH_01,rules_v1,rules_v1,5,jaw_angle_sharpness,0.6105575994772969,,
lfw_01553,data/raw/images/lfw_01553.jpg,train,SUG_JAW_NARROW_01|SUG_JAW_ANGLE_LOW_01|SUG_CHIN_NARROW_01|SUG_CHEEK_NARROW_01,SUG_JAW_NARROW_01|SUG_JAW_ANGLE_LOW_01|SUG_CHIN_NARROW_01|SUG_CHEEK_NARROW_01,rules_v1,rules_v1,12,chin_width_ratio,0.5374731413367958,,
lfw_00506,data/raw/images/lfw_00506.jpg,test,SUG_FACE_ASPECT_HIGH_01|SUG_MIDFACE_LOW_01|SUG_JAW_ANGLE_LOW_01|SUG_EYE_SIZE_LOW_01,SUG_FACE_ASPECT_HIGH_01|SUG_MIDFACE_LOW_01|SUG_JAW_ANGLE_LOW_01|SUG_EYE_SIZE_LOW_01,rules_v1,rules_v1,8,jaw_angle_sharpness,0.46821204836576097,,
lfw_01528,data/raw/images/lfw_01528.jpg,val,SUG_JAW_NARROW_01|SUG_LOWER_CHEEK_LOW_01|SUG_EYE_TILT_LOW_01|SUG_NOSE_SHORT_01,SUG_JAW_NARROW_01|SUG_LOWER_CHEEK_LOW_01|SUG_EYE_TILT_LOW_01|SUG_NOSE_SHORT_01,rules_v1,rules_v1,8,upper_lip_ratio,0.5043353775146999,,
lfw_01539,data/raw/images/lfw_01539.jpg,test,SUG_MIDFACE_LOW_01|SUG_LOWERFACE_HIGH_01|SUG_CHIN_LONG_01|SUG_EYE_OPEN_LOW_01,SUG_MIDFACE_LOW_01|SUG_LOWERFACE_HIGH_01|SUG_CHIN_LONG_01|SUG_EYE_OPEN_LOW_01,rules_v1,rules_v1,9,lip_thickness_ratio,0.5619602756720993,,
lfw_03248,data/raw/images/lfw_03248.jpg,train,SUG_FACE_ASPECT_HIGH_01|SUG_JAW_ANGLE_LOW_01|SUG_EYE_SIZE_LOW_01|SUG_NOSE_LONG_01,SUG_FACE_ASPECT_HIGH_01|SUG_JAW_ANGLE_LOW_01|SUG_EYE_SIZE_LOW_01|SUG_NOSE_LONG_01,rules_v1,rules_v1,8,symmetry_error,0.768622409943322,,
lfw_00099,data/raw/images/lfw_00099.jpg,train,SUG_SYM_HIGH_01|SUG_NOSE_DEV_HIGH_01|SUG_FACE_ASPECT_LOW_01|SUG_MIDFACE_LOW_01,SUG_SYM_HIGH_01|SUG_NOSE_DEV_HIGH_01|SUG_FACE_ASPECT_LOW_01|SUG_MIDFACE_LOW_01,rules_v1,rules_v1,14,lip_thickness_ratio,0.40549189134884916,,
lfw_02426,data/raw/images/lfw_02426.jpg,train,SUG_MIDFACE_LOW_01|SUG_LOWER_CHEEK_LOW_01|SUG_EYE_WIDE_01|SUG_NOSE_SHORT_01,SUG_MIDFACE_LOW_01|SUG_LOWER_CHEEK_LOW_01|SUG_EYE_WIDE_01|SUG_NOSE_SHORT_01,rules_v1,rules_v1,7,nose_length_ratio,0.510674906812619,,
lfw_02813,data/raw/images/lfw_02813.jpg,train,SUG_FACE_ASPECT_HIGH_01|SUG_JAW_ANGLE_LOW_01|SUG_NOSE_NARROW_01,SUG_FACE_ASPECT_HIGH_01|SUG_JAW_ANGLE_LOW_01|SUG_NOSE_NARROW_01,rules_v1,rules_v1,3,jaw_angle_sharpness,0.6134832039996219,,
lfw_00074,data/raw/images/lfw_00074.jpg,train,SUG_FACE_ASPECT_LOW_01|SUG_JAW_ANGLE_HIGH_01|SUG_EYE_OPEN_HIGH_01|SUG_EYE_CLOSE_01,SUG_FACE_ASPECT_LOW_01|SUG_JAW_ANGLE_HIGH_01|SUG_EYE_OPEN_HIGH_01|SUG_EYE_CLOSE_01,rules_v1,rules_v1,10,face_aspect_ratio,0.6352067177070058,,
lfw_02112,data/raw/images/lfw_02112.jpg,train,SUG_SYM_HIGH_01|SUG_JAW_ANGLE_HIGH_01|SUG_BROW_LOW_01,SUG_SYM_HIGH_01|SUG_JAW_ANGLE_HIGH_01|SUG_BROW_LOW_01,rules_v1,rules_v1,3,jaw_angle_sharpness,0.5856318006297643,,
lfw_02667,data/raw/images/lfw_02667.jpg,train,SUG_JAW_WIDE_01|SUG_CHIN_WIDE_01|SUG_BROW_LOW_01|SUG_BROW_TILT_HIGH_01,SUG_JAW_WIDE_01|SUG_CHIN_WIDE_01|SUG_BROW_LOW_01|SUG_BROW_TILT_HIGH_01,rules_v1,rules_v1,5,philtrum_ratio,0.561494745026449,,
lfw_01752,data/raw/images/lfw_01752.jpg,train,SUG_SYM_HIGH_01|SUG_FACE_ASPECT_HIGH_01|SUG_MIDFACE_HIGH_01|SUG_LOWERFACE_LOW_01,SUG_SYM_HIGH_01|SUG_FACE_ASPECT_HIGH_01|SUG_MIDFACE_HIGH_01|SUG_LOWERFACE_LOW_01,rules_v1,rules_v1,13,philtrum_ratio,0.6468727252603,,
lfw_00142,data/raw/images/lfw_00142.jpg,val,SUG_FACE_ASPECT_LOW_01|SUG_MIDFACE_HIGH_01|SUG_LOWERFACE_LOW_01|SUG_JAW_NARROW_01,SUG_FACE_ASPECT_LOW_01|SUG_MIDFACE_HIGH_01|SUG_LOWERFACE_LOW_01|SUG_JAW_NARROW_01,rules_v1,rules_v1,16,eye_size_ratio,0.6657561967735558,,
lfw_00003,data/raw/images/lfw_00003.jpg,train,SUG_FACE_ASPECT_LOW_01|SUG_MIDFACE_HIGH_01|SUG_JAW_ANGLE_HIGH_01|SUG_EYE_OPEN_HIGH_01,SUG_FACE_ASPECT_LOW_01|SUG_MIDFACE_HIGH_01|SUG_JAW_ANGLE_HIGH_01|SUG_EYE_OPEN_HIGH_01,rules_v1,rules_v1,11,eye_spacing_ratio,0.6651725068713962,,
lfw_00373,data/raw/images/lfw_00373.jpg,train,SUG_MIDFACE_LOW_01|SUG_JAW_NARROW_01|SUG_JAW_ANGLE_LOW_01|SUG_CHIN_NARROW_01,SUG_MIDFACE_LOW_01|SUG_JAW_NARROW_01|SUG_JAW_ANGLE_LOW_01|SUG_CHIN_NARROW_01,rules_v1,rules_v1,14,mouth_width_ratio,0.6436572021104308,,
lfw_02144,data/raw/images/lfw_02144.jpg,train,SUG_LOWERFACE_HIGH_01|SUG_CHIN_LONG_01|SUG_EYE_CLOSE_01|SUG_EYE_TILT_HIGH_01,SUG_LOWERFACE_HIGH_01|SUG_CHIN_LONG_01|SUG_EYE_CLOSE_01|SUG_EYE_TILT_HIGH_01,rules_v1,rules_v1,10,eye_tilt_deg,0.46770583174150326,,
lfw_01302,data/raw/images/lfw_01302.jpg,test,SUG_MIDFACE_HIGH_01|SUG_LOWERFACE_LOW_01|SUG_JAW_NARROW_01|SUG_JAW_ANGLE_HIGH_01,SUG_MIDFACE_HIGH_01|SUG_LOWERFACE_LOW_01|SUG_JAW_NARROW_01|SUG_JAW_ANGLE_HIGH_01,rules_v1,rules_v1,14,midface_length_ratio,0.891943881123283,,
lfw_02187,data/raw/images/lfw_02187.jpg,val,SUG_FACE_ASPECT_LOW_01|SUG_MIDFACE_LOW_01|SUG_LOWERFACE_HIGH_01|SUG_JAW_WIDE_01,SUG_FACE_ASPECT_LOW_01|SUG_MIDFACE_LOW_01|SUG_LOWERFACE_HIGH_01|SUG_JAW_WIDE_01,rules_v1,rules_v1,14,face_aspect_ratio,0.5196233675321451,,
lfw_04540,data/raw/images/lfw_04540.jpg,train,SUG_MOUTH_TILT_HIGH_01|SUG_LIP_THIN_01|SUG_PHILTRUM_HIGH_01,SUG_MOUTH_TILT_HIGH_01|SUG_LIP_THIN_01|SUG_PHILTRUM_HIGH_01,rules_v1,rules_v1,3,philtrum_ratio,0.6145369422465993,,
lfw_02007,data/raw/images/lfw_02007.jpg,train,SUG_FACE_ASPECT_HIGH_01|SUG_MIDFACE_HIGH_01|SUG_CHIN_WIDE_01|SUG_EYE_CLOSE_01,SUG_FACE_ASPECT_HIGH_01|SUG_MIDFACE_HIGH_01|SUG_CHIN_WIDE_01|SUG_EYE_CLOSE_01,rules_v1,rules_v1,12,nose_length_ratio,0.7743779826401032,,
lfw_03751,data/raw/images/lfw_03751.jpg,train,SUG_FACE_ASPECT_HIGH_01|SUG_MIDFACE_HIGH_01|SUG_LOWERFACE_LOW_01|SUG_CHIN_SHORT_01,SUG_FACE_ASPECT_HIGH_01|SUG_MIDFACE_HIGH_01|SUG_LOWERFACE_LOW_01|SUG_CHIN_SHORT_01,rules_v1,rules_v1,11,midface_length_ratio,0.7772531386358232,,
lfw_00588,data/raw/images/lfw_00588.jpg,train,SUG_FACE_ASPECT_LOW_01|SUG_LOWERFACE_HIGH_01|SUG_JAW_ANGLE_HIGH_01|SUG_CHIN_LONG_01,SUG_FACE_ASPECT_LOW_01|SUG_LOWERFACE_HIGH_01|SUG_JAW_ANGLE_HIGH_01|SUG_CHIN_LONG_01,rules_v1,rules_v1,10,face_aspect_ratio,0.5452372098202793,,
lfw_01232,data/raw/images/lfw_01232.jpg,train,SUG_EYE_OPEN_LOW_01|SUG_EYE_SIZE_LOW_01|SUG_EYE_TILT_LOW_01|SUG_BROW_TILT_LOW_01,SUG_EYE_OPEN_LOW_01|SUG_EYE_SIZE_LOW_01|SUG_EYE_TILT_LOW_01|SUG_BROW_TILT_LOW_01,rules_v1,rules_v1,6,eye_openness_ratio,0.62017353341324,,
lfw_02991,data/raw/images/lfw_02991.jpg,val,SUG_NOSE_DEV_HIGH_01|SUG_FACE_ASPECT_LOW_01|SUG_MIDFACE_LOW_01|SUG_EYE_OPEN_HIGH_01,SUG_NOSE_DEV_HIGH_01|SUG_FACE_ASPECT_LOW_01|SUG_MIDFACE_LOW_01|SUG_EYE_OPEN_HIGH_01,rules_v1,rules_v1,8,eye_tilt_deg,0.3993894668238524,,
lfw_01667,data/raw/images/lfw_01667.jpg,train,SUG_CHIN_WIDE_01|SUG_EYE_CLOSE_01|SUG_EYE_TILT_HIGH_01|SUG_BROW_LOW_01,SUG_CHIN_WIDE_01|SUG_EYE_CLOSE_01|SUG_EYE_TILT_HIGH_01|SUG_BROW_LOW_01,rules_v1,rules_v1,8,mouth_width_ratio,0.6366461220949717,,
lfw_03504,data/raw/images/lfw_03504.jpg,train,SUG_FACE_ASPECT_HIGH_01|SUG_JAW_WIDE_01|SUG_JAW_ANGLE_LOW_01|SUG_CHIN_WIDE_01,SUG_FACE_ASPECT_HIGH_01|SUG_JAW_WIDE_01|SUG_JAW_ANGLE_LOW_01|SUG_CHIN_WIDE_01,rules_v1,rules_v1,15,mouth_corner_tilt_deg,0.6569096336481296,,
lfw_00498,data/raw/images/lfw_00498.jpg,train,SUG_SYM_HIGH_01|SUG_NOSE_DEV_HIGH_01|SUG_FACE_ASPECT_LOW_01|SUG_JAW_ANGLE_HIGH_01,SUG_SYM_HIGH_01|SUG_NOSE_DEV_HIGH_01|SUG_FACE_ASPECT_LOW_01|SUG_JAW_ANGLE_HIGH_01,rules_v1,rules_v1,8,lip_thickness_ratio,0.4351772379560573,,
lfw_01845,data/raw/images/lfw_01845.jpg,train,SUG_SYM_HIGH_01|SUG_NOSE_DEV_HIGH_01|SUG_MIDFACE_LOW_01|SUG_EYE_TILT_LOW_01,SUG_SYM_HIGH_01|SUG_NOSE_DEV_HIGH_01|SUG_MIDFACE_LOW_01|SUG_EYE_TILT_LOW_01,rules_v1,rules_v1,8,symmetry_error,0.3958467714799248,,
lfw_01465,data/raw/images/lfw_01465.jpg,train,SUG_MIDFACE_HIGH_01|SUG_LOWERFACE_LOW_01|SUG_JAW_NARROW_01|SUG_JAW_ANGLE_HIGH_01,SUG_MIDFACE_HIGH_01|SUG_LOWERFACE_LOW_01|SUG_JAW_NARROW_01|SUG_JAW_ANGLE_HIGH_01,rules_v1,rules_v1,10,midface_length_ratio,0.6668554992748094,,
lfw_02322,data/raw/images/lfw_02322.jpg,train,SUG_FACE_ASPECT_LOW_01|SUG_EYE_OPEN_HIGH_01|SUG_EYE_SIZE_HIGH_01|SUG_EYE_CLOSE_01,SUG_FACE_ASPECT_LOW_01|SUG_EYE_OPEN_HIGH_01|SUG_EYE_SIZE_HIGH_01|SUG_EYE_CLOSE_01,rules_v1,rules_v1,11,eye_size_ratio,0.5112496031385849,,
lfw_02389,data/raw/images/lfw_02389.jpg,val,SUG_SYM_HIGH_01|SUG_NOSE_DEV_HIGH_01|SUG_CHEEK_NARROW_01|SUG_EYE_TILT_HIGH_01,SUG_SYM_HIGH_01|SUG_NOSE_DEV_HIGH_01|SUG_CHEEK_NARROW_01|SUG_EYE_TILT_HIGH_01,rules_v1,rules_v1,8,brow_height_ratio,0.4587410172593848,,
lfw_00245,data/raw/images/lfw_00245.jpg,train,SUG_MIDFACE_LOW_01|SUG_LOWERFACE_HIGH_01|SUG_JAW_WIDE_01|SUG_CHIN_LONG_01,SUG_MIDFACE_LOW_01|SUG_LOWERFACE_HIGH_01|SUG_JAW_WIDE_01|SUG_CHIN_LONG_01,rules_v1,rules_v1,14,nose_width_ratio,0.5453910377779185,,
lfw_03179,data/raw/images/lfw_03179.jpg,val,SUG_MIDFACE_HIGH_01|SUG_JAW_ANGLE_HIGH_01|SUG_EYE_TILT_LOW_01|SUG_BROW_TILT_LOW_01,SUG_MIDFACE_HIGH_01|SUG_JAW_ANGLE_HIGH_01|SUG_EYE_TILT_LOW_01|SUG_BROW_TILT_LOW_01,rules_v1,rules_v1,10,philtrum_ratio,0.6832581459631286,,
lfw_02865,data/raw/images/lfw_02865.jpg,train,SUG_FACE_ASPECT_LOW_01|SUG_JAW_ANGLE_HIGH_01|SUG_CHIN_WIDE_01|SUG_LOWER_CHEEK_LOW_01,SUG_FACE_ASPECT_LOW_01|SUG_JAW_ANGLE_HIGH_01|SUG_CHIN_WIDE_01|SUG_LOWER_CHEEK_LOW_01,rules_v1,rules_v1,14,nose_width_ratio,0.6534225829903876,,
lfw_03409,data/raw/images/lfw_03409.jpg,train,SUG_FACE_ASPECT_LOW_01|SUG_MIDFACE_HIGH_01|SUG_LOWERFACE_LOW_01|SUG_JAW_NARROW_01,SUG_FACE_ASPECT_LOW_01|SUG_MIDFACE_HIGH_01|SUG_LOWERFACE_LOW_01|SUG_JAW_NARROW_01,rules_v1,rules_v1,13,lowerface_length_ratio,0.8967823119280364,,
lfw_01947,data/raw/images/lfw_01947.jpg,train,SUG_NOSE_DEV_HIGH_01|SUG_FACE_ASPECT_LOW_01|SUG_MIDFACE_LOW_01|SUG_JAW_NARROW_01,SUG_NOSE_DEV_HIGH_01|SUG_FACE_ASPECT_LOW_01|SUG_MIDFACE_LOW_01|SUG_JAW_NARROW_01,rules_v1,rules_v1,13,lip_thickness_ratio,0.42394165837244363,,
lfw_04195,data/raw/images/lfw_04195.jpg,train,SUG_SYM_HIGH_01|SUG_NOSE_DEV_HIGH_01|SUG_LOWERFACE_HIGH_01|SUG_CHIN_LONG_01,SUG_SYM_HIGH_01|SUG_NOSE_DEV_HIGH_01|SUG_LOWERFACE_HIGH_01|SUG_CHIN_LONG_01,rules_v1,rules_v1,15,upper_lip_ratio,0.42727598307013254,,
lfw_00410,data/raw/images/lfw_00410.jpg,train,SUG_FACE_ASPECT_LOW_01|SUG_LOWERFACE_LOW_01|SUG_JAW_NARROW_01|SUG_JAW_ANGLE_HIGH_01,SUG_FACE_ASPECT_LOW_01|SUG_LOWERFACE_LOW_01|SUG_JAW_NARROW_01|SUG_JAW_ANGLE_HIGH_01,rules_v1,rules_v1,10,jaw_width_ratio,0.7496153771547662,,
lfw_01384,data/raw/images/lfw_01384.jpg,train,SUG_SYM_HIGH_01|SUG_NOSE_DEV_HIGH_01|SUG_FACE_ASPECT_LOW_01|SUG_JAW_NARROW_01,SUG_SYM_HIGH_01|SUG_NOSE_DEV_HIGH_01|SUG_FACE_ASPECT_LOW_01|SUG_JAW_NARROW_01,rules_v1,rules_v1,12,face_aspect_ratio,0.44912232482923276,,
lfw_01347,data/raw/images/lfw_01347.jpg,val,SUG_FACE_ASPECT_HIGH_01|SUG_LOWERFACE_LOW_01|SUG_JAW_NARROW_01|SUG_JAW_ANGLE_LOW_01,SUG_FACE_ASPECT_HIGH_01|SUG_LOWERFACE_LOW_01|SUG_JAW_NARROW_01|SUG_JAW_ANGLE_LOW_01,rules_v1,rules_v1,10,cheekbone_width_ratio,0.680042500352502,,
lfw_01612,data/raw/images/lfw_01612.jpg,train,SUG_MIDFACE_HIGH_01|SUG_JAW_NARROW_01|SUG_CHEEK_NARROW_01|SUG_LOWER_CHEEK_LOW_01,SUG_MIDFACE_HIGH_01|SUG_JAW_NARROW_01|SUG_CHEEK_NARROW_01|SUG_LOWER_CHEEK_LOW_01,rules_v1,rules_v1,11,brow_tilt_deg,0.8546924975157879,,
lfw_02651,data/raw/images/lfw_02651.jpg,train,SUG_FACE_ASPECT_HIGH_01|SUG_CHIN_WIDE_01|SUG_BROW_LOW_01|SUG_LIP_THIN_01,SUG_FACE_ASPECT_HIGH_01|SUG_CHIN_WIDE_01|SUG_BROW_LOW_01|SUG_LIP_THIN_01,rules_v1,rules_v1,6,nose_tip_deviation_ratio,0.7319558531732218,,
lfw_02597,data/raw/images/lfw_02597.jpg,train,SUG_MIDFACE_LOW_01|SUG_JAW_ANGLE_LOW_01|SUG_EYE_SIZE_LOW_01|SUG_EYE_TILT_HIGH_01,SUG_MIDFACE_LOW_01|SUG_JAW_ANGLE_LOW_01|SUG_EYE_SIZE_LOW_01|SUG_EYE_TILT_HIGH_01,rules_v1,rules_v1,8,nose_tip_deviation_ratio,0.6071252392024566,,
lfw_01606,data/raw/images/lfw_01606.jpg,train,SUG_MIDFACE_LOW_01|SUG_JAW_WIDE_01|SUG_JAW_ANGLE_LOW_01|SUG_CHEEK_WIDE_01,SUG_MIDFACE_LOW_01|SUG_JAW_WIDE_01|SUG_JAW_ANGLE_LOW_01|SUG_CHEEK_WIDE_01,rules_v1,rules_v1,7,eye_size_ratio,0.590847581342354,,
lfw_04502,data/raw/images/lfw_04502.jpg,test,SUG_FACE_ASPECT_LOW_01|SUG_EYE_OPEN_HIGH_01|SUG_UPPER_LIP_HIGH_01|SUG_PHILTRUM_HIGH_01,SUG_FACE_ASPECT_LOW_01|SUG_EYE_OPEN_HIGH_01|SUG_UPPER_LIP_HIGH_01|SUG_PHILTRUM_HIGH_01,rules_v1,rules_v1,5,eye_openness_ratio,0.6213210282216871,,
lfw_00190,data/raw/images/lfw_00190.jpg,train,SUG_FACE_ASPECT_LOW_01|SUG_MIDFACE_LOW_01|SUG_JAW_NARROW_01|SUG_CHIN_NARROW_01,SUG_FACE_ASPECT_LOW_01|SUG_MIDFACE_LOW_01|SUG_JAW_NARROW_01|SUG_CHIN_NARROW_01,rules_v1,rules_v1,10,brow_height_ratio,0.45400003086512286,,
lfw_02791,data/raw/images/lfw_02791.jpg,train,SUG_FACE_ASPECT_HIGH_01|SUG_JAW_WIDE_01|SUG_CHIN_WIDE_01|SUG_CHEEK_WIDE_01,SUG_FACE_ASPECT_HIGH_01|SUG_JAW_WIDE_01|SUG_CHIN_WIDE_01|SUG_CHEEK_WIDE_01,rules_v1,rules_v1,9,jaw_width_ratio,0.551145946178294,,
lfw_02716,data/raw/images/lfw_02716.jpg,train,SUG_MIDFACE_HIGH_01|SUG_LOWERFACE_LOW_01|SUG_JAW_ANGLE_HIGH_01|SUG_CHIN_SHORT_01,SUG_MIDFACE_HIGH_01|SUG_LOWERFACE_LOW_01|SUG_JAW_ANGLE_HIGH_01|SUG_CHIN_SHORT_01,rules_v1,rules_v1,14,nose_width_ratio,0.8900607257161949,,
lfw_00006,data/raw/images/lfw_00006.jpg,train,SUG_BROW_TILT_HIGH_01,SUG_BROW_TILT_HIGH_01,rules_v1,rules_v1,3,symmetry_error,0.6161974860187969,,
lfw_01469,data/raw/images/lfw_01469.jpg,train,SUG_SYM_HIGH_01|SUG_EYE_OPEN_LOW_01|SUG_EYE_SIZE_LOW_01|SUG_EYE_WIDE_01,SUG_SYM_HIGH_01|SUG_EYE_OPEN_LOW_01|SUG_EYE_SIZE_LOW_01|SUG_EYE_WIDE_01,rules_v1,rules_v1,6,eye_openness_ratio,0.5416328237634007,,
lfw_01171,data/raw/images/lfw_01171.jpg,val,SUG_SYM_HIGH_01|SUG_NOSE_DEV_HIGH_01|SUG_MIDFACE_LOW_01|SUG_JAW_ANGLE_LOW_01,SUG_SYM_HIGH_01|SUG_NOSE_DEV_HIGH_01|SUG_MIDFACE_LOW_01|SUG_JAW_ANGLE_LOW_01,rules_v1,rules_v1,11,nose_length_ratio,0.42353508000573376,,
lfw_02986,data/raw/images/lfw_02986.jpg,train,SUG_SYM_HIGH_01|SUG_NOSE_DEV_HIGH_01|SUG_JAW_ANGLE_HIGH_01|SUG_CHIN_WIDE_01,SUG_SYM_HIGH_01|SUG_NOSE_DEV_HIGH_01|SUG_JAW_ANGLE_HIGH_01|SUG_CHIN_WIDE_01,rules_v1,rules_v1,14,eye_spacing_ratio,0.48336709252299853,,
lfw_00998,data/raw/images/lfw_00998.jpg,train,SUG_LOWERFACE_HIGH_01|SUG_CHIN_LONG_01|SUG_CHIN_WIDE_01|SUG_EYE_SIZE_HIGH_01,SUG_LOWERFACE_HIGH_01|SUG_CHIN_LONG_01|SUG_CHIN_WIDE_01|SUG_EYE_SIZE_HIGH_01,rules_v1,rules_v1,8,brow_tilt_deg,0.5163896711023498,,
lfw_04340,data/raw/images/lfw_04340.jpg,train,SUG_FACE_ASPECT_LOW_01|SUG_LOWERFACE_HIGH_01|SUG_JAW_WIDE_01|SUG_JAW_ANGLE_HIGH_01,SUG_FACE_ASPECT_LOW_01|SUG_LOWERFACE_HIGH_01|SUG_JAW_WIDE_01|SUG_JAW_ANGLE_HIGH_01,rules_v1,rules_v1,14,cheekbone_width_ratio,0.5126056894177727,,
lfw_03775,data/raw/images/lfw_03775.jpg,test,SUG_FACE_ASPECT_LOW_01|SUG_LOWERFACE_HIGH_01|SUG_JAW_WIDE_01|SUG_JAW_ANGLE_HIGH_01,SUG_FACE_ASPECT_LOW_01|SUG_LOWERFACE_HIGH_01|SUG_JAW_WIDE_01|SUG_JAW_ANGLE_HIGH_01,rules_v1,rules_v1,13,upper_lip_ratio,0.5673169361874814,,
lfw_01139,data/raw/images/lfw_01139.jpg,train,SUG_FACE_ASPECT_LOW_01|SUG_JAW_NARROW_01|SUG_JAW_ANGLE_HIGH_01|SUG_CHEEK_NARROW_01,SUG_FACE_ASPECT_LOW_01|SUG_JAW_NARROW_01|SUG_JAW_ANGLE_HIGH_01|SUG_CHEEK_NARROW_01,rules_v1,rules_v1,10,upper_lip_ratio,0.5703151096858119,,
lfw_00064,data/raw/images/lfw_00064.jpg,train,SUG_LOWERFACE_HIGH_01|SUG_JAW_WIDE_01|SUG_CHIN_LONG_01|SUG_CHIN_WIDE_01,SUG_LOWERFACE_HIGH_01|SUG_JAW_WIDE_01|SUG_CHIN_LONG_01|SUG_CHIN_WIDE_01,rules_v1,rules_v1,11,chin_width_ratio,0.639868112078701,,
lfw_01149,data/raw/images/lfw_01149.jpg,train,SUG_FACE_ASPECT_LOW_01|SUG_LOWERFACE_HIGH_01|SUG_JAW_ANGLE_HIGH_01|SUG_CHIN_LONG_01,SUG_FACE_ASPECT_LOW_01|SUG_LOWERFACE_HIGH_01|SUG_JAW_ANGLE_HIGH_01|SUG_CHIN_LONG_01,rules_v1,rules_v1,13,lip_thickness_ratio,0.4785637872799846,,
lfw_03255,data/raw/images/lfw_03255.jpg,train,SUG_EYE_OPEN_HIGH_01|SUG_EYE_CLOSE_01|SUG_NOSE_NARROW_01|SUG_NOSE_SHORT_01,SUG_EYE_OPEN_HIGH_01|SUG_EYE_CLOSE_01|SUG_NOSE_NARROW_01|SUG_NOSE_SHORT_01,rules_v1,rules_v1,5,nose_length_ratio,0.4862341964734357,,
lfw_00154,data/raw/images/lfw_00154.jpg,train,SUG_JAW_WIDE_01|SUG_CHEEK_WIDE_01|SUG_LOWER_CHEEK_HIGH_01|SUG_EYE_OPEN_HIGH_01,SUG_JAW_WIDE_01|SUG_CHEEK_WIDE_01|SUG_LOWER_CHEEK_HIGH_01|SUG_EYE_OPEN_HIGH_01,rules_v1,rules_v1,10,eye_openness_ratio,0.6527110842092106,,
lfw_00294,data/raw/images/lfw_00294.jpg,train,SUG_LOWERFACE_HIGH_01|SUG_CHIN_LONG_01|SUG_CHIN_WIDE_01|SUG_EYE_SIZE_LOW_01,SUG_LOWERFACE_HIGH_01|SUG_CHIN_LONG_01|SUG_CHIN_WIDE_01|SUG_EYE_SIZE_LOW_01,rules_v1,rules_v1,12,mouth_width_ratio,0.6624758583096142,,
lfw_04865,data/raw/images/lfw_04865.jpg,val,SUG_SYM_HIGH_01|SUG_NOSE_DEV_HIGH_01|SUG_CHEEK_WIDE_01|SUG_EYE_CLOSE_01,SUG_SYM_HIGH_01|SUG_NOSE_DEV_HIGH_01|SUG_CHEEK_WIDE_01|SUG_EYE_CLOSE_01,rules_v1,rules_v1,6,nose_tip_deviation_ratio,0.4968941140800427,,
lfw_00709,data/raw/images/lfw_00709.jpg,train,SUG_NOSE_DEV_HIGH_01|SUG_JAW_ANGLE_HIGH_01|SUG_CHIN_WIDE_01|SUG_EYE_CLOSE_01,SUG_NOSE_DEV_HIGH_01|SUG_JAW_ANGLE_HIGH_01|SUG_CHIN_WIDE_01|SUG_EYE_CLOSE_01,rules_v1,rules_v1,10,eye_tilt_deg,0.4659016596421382,,
lfw_03555,data/raw/images/lfw_03555.jpg,test,SUG_MIDFACE_HIGH_01|SUG_LOWERFACE_LOW_01|SUG_JAW_NARROW_01|SUG_JAW_ANGLE_HIGH_01,SUG_MIDFACE_HIGH_01|SUG_LOWERFACE_LOW_01|SUG_JAW_NARROW_01|SUG_JAW_ANGLE_HIGH_01,rules_v1,rules_v1,15,midface_length_ratio,0.637864910485901,,
lfw_03908,data/raw/images/lfw_03908.jpg,train,SUG_JAW_WIDE_01|SUG_CHEEK_WIDE_01|SUG_LOWER_CHEEK_HIGH_01|SUG_EYE_CLOSE_01,SUG_JAW_WIDE_01|SUG_CHEEK_WIDE_01|SUG_LOWER_CHEEK_HIGH_01|SUG_EYE_CLOSE_01,rules_v1,rules_v1,10,lower_cheek_ratio,0.6479870856187068,,
lfw_04685,data/raw/images/lfw_04685.jpg,train,SUG_LOWERFACE_LOW_01|SUG_JAW_NARROW_01|SUG_JAW_ANGLE_LOW_01|SUG_CHIN_SHORT_01,SUG_LOWERFACE_LOW_01|SUG_JAW_NARROW_01|SUG_JAW_ANGLE_LOW_01|SUG_CHIN_SHORT_01,rules_v1,rules_v1,11,brow_height_ratio,0.6746444755592355,,
lfw_00282,data/raw/images/lfw_00282.jpg,train,SUG_NOSE_DEV_HIGH_01|SUG_FACE_ASPECT_HIGH_01|SUG_JAW_WIDE_01|SUG_JAW_ANGLE_LOW_01,SUG_NOSE_DEV_HIGH_01|SUG_FACE_ASPECT_HIGH_01|SUG_JAW_WIDE_01|SUG_JAW_ANGLE_LOW_01,rules_v1,rules_v1,12,eye_openness_ratio,0.4380524780281738,,
lfw_00187,data/raw/images/lfw_00187.jpg,train,SUG_MIDFACE_HIGH_01|SUG_LOWERFACE_LOW_01|SUG_JAW_NARROW_01|SUG_CHIN_SHORT_01,SUG_MIDFACE_HIGH_01|SUG_LOWERFACE_LOW_01|SUG_JAW_NARROW_01|SUG_CHIN_SHORT_01,rules_v1,rules_v1,15,brow_height_ratio,0.8942204672971049,,
lfw_04389,data/raw/images/lfw_04389.jpg,train,SUG_FACE_ASPECT_HIGH_01|SUG_LOWERFACE_HIGH_01|SUG_JAW_WIDE_01|SUG_JAW_ANGLE_LOW_01,SUG_FACE_ASPECT_HIGH_01|SUG_LOWERFACE_HIGH_01|SUG_JAW_WIDE_01|SUG_JAW_ANGLE_LOW_01,rules_v1,rules_v1,13,philtrum_ratio,0.4920301825247348,,
lfw_02168,data/raw/images/lfw_02168.jpg,train,SUG_NOSE_DEV_HIGH_01|SUG_EYE_CLOSE_01|SUG_PHILTRUM_HIGH_01,SUG_NOSE_DEV_HIGH_01|SUG_EYE_CLOSE_01|SUG_PHILTRUM_HIGH_01,rules_v1,rules_v1,3,philtrum_ratio,0.43203737017736804,,
lfw_00865,data/raw/images/lfw_00865.jpg,train,SUG_CHIN_NARROW_01|SUG_EYE_OPEN_HIGH_01|SUG_EYE_CLOSE_01|SUG_BROW_HIGH_01,SUG_CHIN_NARROW_01|SUG_EYE_OPEN_HIGH_01|SUG_EYE_CLOSE_01|SUG_BROW_HIGH_01,rules_v1,rules_v1,9,eye_openness_ratio,0.6623643867748834,,
lfw_03801,data/raw/images/lfw_03801.jpg,test,SUG_FACE_ASPECT_LOW_01|SUG_LOWERFACE_HIGH_01|SUG_JAW_ANGLE_HIGH_01|SUG_CHIN_LONG_01,SUG_FACE_ASPECT_LOW_01|SUG_LOWERFACE_HIGH_01|SUG_JAW_ANGLE_HIGH_01|SUG_CHIN_LONG_01,rules_v1,rules_v1,14,eye_spacing_ratio,0.5292665426651617,,
lfw_00352,data/raw/images/lfw_00352.jpg,train,SUG_JAW_WIDE_01|SUG_CHIN_WIDE_01|SUG_CHEEK_WIDE_01|SUG_LOWER_CHEEK_HIGH_01,SUG_JAW_WIDE_01|SUG_CHIN_WIDE_01|SUG_CHEEK_WIDE_01|SUG_LOWER_CHEEK_HIGH_01,rules_v1,rules_v1,9,nose_length_ratio,0.7883733596125074,,
lfw_03478,data/raw/images/lfw_03478.jpg,train,SUG_EYE_TILT_LOW_01|SUG_NOSE_SHORT_01|SUG_MOUTH_NARROW_01|SUG_MOUTH_TILT_LOW_01,SUG_EYE_TILT_LOW_01|SUG_NOSE_SHORT_01|SUG_MOUTH_NARROW_01|SUG_MOUTH_TILT_LOW_01,rules_v1,rules_v1,6,upper_lip_ratio,0.5077127921540611,,
lfw_03365,data/raw/images/lfw_03365.jpg,train,SUG_MIDFACE_HIGH_01|SUG_LOWERFACE_LOW_01|SUG_JAW_NARROW_01|SUG_CHIN_SHORT_01,SUG_MIDFACE_HIGH_01|SUG_LOWERFACE_LOW_01|SUG_JAW_NARROW_01|SUG_CHIN_SHORT_01,rules_v1,rules_v1,14,eye_openness_ratio,0.8718215184149203,,
lfw_03402,data/raw/images/lfw_03402.jpg,train,SUG_LOWERFACE_LOW_01|SUG_JAW_NARROW_01|SUG_CHIN_SHORT_01|SUG_CHIN_NARROW_01,SUG_LOWERFACE_LOW_01|SUG_JAW_NARROW_01|SUG_CHIN_SHORT_01|SUG_CHIN_NARROW_01,rules_v1,rules_v1,13,chin_width_ratio,0.7197598913185081,,
lfw_02926,data/raw/images/lfw_02926.jpg,train,SUG_FACE_ASPECT_HIGH_01|SUG_MIDFACE_HIGH_01|SUG_LOWERFACE_LOW_01|SUG_CHIN_SHORT_01,SUG_FACE_ASPECT_HIGH_01|SUG_MIDFACE_HIGH_01|SUG_LOWERFACE_LOW_01|SUG_CHIN_SHORT_01,rules_v1,rules_v1,11,lowerface_length_ratio,0.802741332629283,,
lfw_00374,data/raw/images/lfw_00374.jpg,train,SUG_MIDFACE_LOW_01|SUG_JAW_ANGLE_LOW_01|SUG_EYE_TILT_HIGH_01|SUG_BROW_HIGH_01,SUG_MIDFACE_LOW_01|SUG_JAW_ANGLE_LOW_01|SUG_EYE_TILT_HIGH_01|SUG_BROW_HIGH_01,rules_v1,rules_v1,7,brow_height_ratio,0.5735880305986133,,
lfw_01989,data/raw/images/lfw_01989.jpg,train,SUG_JAW_NARROW_01|SUG_CHIN_NARROW_01|SUG_MOUTH_WIDE_01|SUG_LIP_FULL_01,SUG_JAW_NARROW_01|SUG_CHIN_NARROW_01|SUG_MOUTH_WIDE_01|SUG_LIP_FULL_01,rules_v1,rules_v1,5,lip_thickness_ratio,0.6428335227125378,,
lfw_03458,data/raw/images/lfw_03458.jpg,train,SUG_FACE_ASPECT_HIGH_01|SUG_LOWERFACE_HIGH_01|SUG_CHIN_LONG_01|SUG_CHIN_WIDE_01,SUG_FACE_ASPECT_HIGH_01|SUG_LOWERFACE_HIGH_01|SUG_CHIN_LONG_01|SUG_CHIN_WIDE_01,rules_v1,rules_v1,10,philtrum_ratio,0.536525598294347,,
lfw_01388,data/raw/images/lfw_01388.jpg,test,SUG_LOWERFACE_LOW_01|SUG_JAW_NARROW_01|SUG_CHIN_SHORT_01|SUG_CHEEK_NARROW_01,SUG_LOWERFACE_LOW_01|SUG_JAW_NARROW_01|SUG_CHIN_SHORT_01|SUG_CHEEK_NARROW_01,rules_v1,rules_v1,11,cheekbone_width_ratio,0.6638427670861977,,
lfw_00279,data/raw/images/lfw_00279.jpg,train,SUG_NOSE_DEV_HIGH_01|SUG_MIDFACE_LOW_01|SUG_LOWERFACE_HIGH_01|SUG_JAW_WIDE_01,SUG_NOSE_DEV_HIGH_01|SUG_MIDFACE_LOW_01|SUG_LOWERFACE_HIGH_01|SUG_JAW_WIDE_01,rules_v1,rules_v1,13,cheekbone_width_ratio,0.432757317911359,,
lfw_02923,data/raw/images/lfw_02923.jpg,train,SUG_SYM_HIGH_01|SUG_NOSE_DEV_HIGH_01|SUG_MIDFACE_HIGH_01|SUG_LOWERFACE_LOW_01,SUG_SYM_HIGH_01|SUG_NOSE_DEV_HIGH_01|SUG_MIDFACE_HIGH_01|SUG_LOWERFACE_LOW_01,rules_v1,rules_v1,8,lowerface_length_ratio,0.6719008499069337,,
lfw_02708,data/raw/images/lfw_02708.jpg,train,SUG_SYM_HIGH_01|SUG_MIDFACE_LOW_01|SUG_EYE_WIDE_01|SUG_EYE_TILT_LOW_01,SUG_SYM_HIGH_01|SUG_MIDFACE_LOW_01|SUG_EYE_WIDE_01|SUG_EYE_TILT_LOW_01,rules_v1,rules_v1,8,mouth_width_ratio,0.45993643723615896,,
lfw_04850,data/raw/images/lfw_04850.jpg,train,SUG_SYM_HIGH_01|SUG_NOSE_DEV_HIGH_01|SUG_FACE_ASPECT_LOW_01|SUG_MIDFACE_LOW_01,SUG_SYM_HIGH_01|SUG_NOSE_DEV_HIGH_01|SUG_FACE_ASPECT_LOW_01|SUG_MIDFACE_LOW_01,rules_v1,rules_v1,9,eye_size_ratio,0.4198594233558095,,
lfw_00275,data/raw/images/lfw_00275.jpg,train,SUG_FACE_ASPECT_HIGH_01|SUG_MIDFACE_HIGH_01|SUG_LOWERFACE_LOW_01|SUG_JAW_ANGLE_LOW_01,SUG_FACE_ASPECT_HIGH_01|SUG_MIDFACE_HIGH_01|SUG_LOWERFACE_LOW_01|SUG_JAW_ANGLE_LOW_01,rules_v1,rules_v1,14,face_aspect_ratio,0.7352488433619985,,
lfw_02916,data/raw/images/lfw_02916.jpg,val,SUG_FACE_ASPECT_HIGH_01|SUG_JAW_ANGLE_LOW_01|SUG_EYE_TILT_HIGH_01|SUG_BROW_TILT_HIGH_01,SUG_FACE_ASPECT_HIGH_01|SUG_JAW_ANGLE_LOW_01|SUG_EYE_TILT_HIGH_01|SUG_BROW_TILT_HIGH_01,rules_v1,rules_v1,4,eye_tilt_deg,0.6588824734878079,,
lfw_00767,data/raw/images/lfw_00767.jpg,train,SUG_MIDFACE_HIGH_01|SUG_LOWERFACE_LOW_01|SUG_JAW_ANGLE_HIGH_01|SUG_CHIN_SHORT_01,SUG_MIDFACE_HIGH_01|SUG_LOWERFACE_LOW_01|SUG_JAW_ANGLE_HIGH_01|SUG_CHIN_SHORT_01,rules_v1,rules_v1,9,midface_length_ratio,0.7438291699961515,,
lfw_00662,data/raw/images/lfw_00662.jpg,test,SUG_FACE_ASPECT_LOW_01|SUG_JAW_NARROW_01|SUG_JAW_ANGLE_HIGH_01|SUG_CHIN_WIDE_01,SUG_FACE_ASPECT_LOW_01|SUG_JAW_NARROW_01|SUG_JAW_ANGLE_HIGH_01|SUG_CHIN_WIDE_01,rules_v1,rules_v1,13,eye_tilt_deg,0.6445389235865266,,
lfw_00705,data/raw/images/lfw_00705.jpg,train,SUG_CHIN_NARROW_01|SUG_EYE_OPEN_HIGH_01|SUG_EYE_SIZE_LOW_01|SUG_NOSE_NARROW_01,SUG_CHIN_NARROW_01|SUG_EYE_OPEN_HIGH_01|SUG_EYE_SIZE_LOW_01|SUG_NOSE_NARROW_01,rules_v1,rules_v1,4,nose_width_ratio,0.6361027332277961,,
lfw_04647,data/raw/images/lfw_04647.jpg,train,SUG_SYM_HIGH_01|SUG_NOSE_DEV_HIGH_01|SUG_FACE_ASPECT_HIGH_01|SUG_EYE_OPEN_LOW_01,SUG_SYM_HIGH_01|SUG_NOSE_DEV_HIGH_01|SUG_FACE_ASPECT_HIGH_01|SUG_EYE_OPEN_LOW_01,rules_v1,rules_v1,9,nose_tip_deviation_ratio,0.4865014953640926,,
lfw_02329,data/raw/images/lfw_02329.jpg,train,SUG_SYM_HIGH_01|SUG_NOSE_DEV_HIGH_01|SUG_LOWERFACE_LOW_01|SUG_JAW_NARROW_01,SUG_SYM_HIGH_01|SUG_NOSE_DEV_HIGH_01|SUG_LOWERFACE_LOW_01|SUG_JAW_NARROW_01,rules_v1,rules_v1,16,cheekbone_width_ratio,0.5578886010930444,,
lfw_00885,data/raw/images/lfw_00885.jpg,train,SUG_SYM_HIGH_01|SUG_NOSE_DEV_HIGH_01|SUG_MIDFACE_HIGH_01|SUG_LOWERFACE_LOW_01,SUG_SYM_HIGH_01|SUG_NOSE_DEV_HIGH_01|SUG_MIDFACE_HIGH_01|SUG_LOWERFACE_LOW_01,rules_v1,rules_v1,10,symmetry_error,0.5420599252622786,,
lfw_00330,data/raw/images/lfw_00330.jpg,train,SUG_FACE_ASPECT_HIGH_01|SUG_MIDFACE_LOW_01|SUG_JAW_ANGLE_LOW_01|SUG_CHIN_NARROW_01,SUG_FACE_ASPECT_HIGH_01|SUG_MIDFACE_LOW_01|SUG_JAW_ANGLE_LOW_01|SUG_CHIN_NARROW_01,rules_v1,rules_v1,9,jaw_angle_sharpness,0.4928547704164677,,
lfw_00685,data/raw/images/lfw_00685.jpg,train,SUG_MIDFACE_LOW_01|SUG_JAW_ANGLE_LOW_01|SUG_CHIN_NARROW_01|SUG_EYE_OPEN_HIGH_01,SUG_MIDFACE_LOW_01|SUG_JAW_ANGLE_LOW_01|SUG_CHIN_NARROW_01|SUG_EYE_OPEN_HIGH_01,rules_v1,rules_v1,10,brow_height_ratio,0.624586063150092,,
lfw_00368,data/raw/images/lfw_00368.jpg,train,SUG_FACE_ASPECT_HIGH_01|SUG_EYE_OPEN_LOW_01,SUG_FACE_ASPECT_HIGH_01|SUG_EYE_OPEN_LOW_01,rules_v1,rules_v1,3,eye_openness_ratio,0.6301040827936211,,
